Hours Studied,Previous Scores,Extracurricular Activities,Sleep Hours,Sample Question Papers Practiced,Predicted Performance Index
7,99,Yes,9,1,91.8492575642932
8,51,Yes,7,2,45.07033420535438
8,91,No,4,5,84.33177156671559
5,79,No,7,8,65.58487780808524
2,72,No,4,3,47.4289836616481
2,54,Yes,4,9,30.884869469864448
1,99,Yes,4,3,72.64867118348323
1,85,No,5,6,58.88183054108911
3,61,No,6,3,40.06400998089225
9,84,Yes,6,6,81.83053799740777
5,90,Yes,4,3,74.92976724909857
3,61,Yes,7,3,41.14416080295527
7,44,Yes,9,1,35.858078289800595
2,55,Yes,4,1,30.32110306071427
2,63,Yes,6,0,39.2399910249279
4,73,Yes,7,0,55.62806991472024
8,61,No,7,2,54.65661775418118
2,89,Yes,6,1,65.90627198145566
6,81,No,9,9,71.65190634624982
6,62,Yes,9,0,51.12391849341566
2,54,Yes,9,5,32.52507533134071
8,48,No,6,0,40.54067209660198
9,97,Yes,8,5,95.83953316839347
1,87,Yes,8,8,63.36591112317852
7,61,Yes,4,7,51.91968389397547
8,62,Yes,4,2,54.80991018821577
8,68,No,7,3,61.980491324975134
3,54,Yes,5,0,32.45240035484375
3,69,No,4,7,48.026635522288416
7,80,No,8,3,71.82214631912251
9,99,No,4,1,94.54587143174984
8,61,Yes,6,9,56.14839303074429
3,48,No,7,5,27.71139816325677
8,64,No,5,1,56.54051868223992
7,53,No,5,9,44.06324841839473
7,89,No,8,1,80.58889232868606
5,40,No,4,9,24.621105204539163
7,68,No,4,8,58.64962660005211
3,67,No,9,8,48.61941590762122
4,56,No,4,7,37.65317904413233
7,91,Yes,6,3,82.64187312404692
9,89,Yes,5,3,85.8412548028949
4,54,No,7,5,36.680349070834495
7,96,No,5,3,86.65182950875595
8,96,No,8,9,92.15765252812278
6,59,Yes,4,9,47.41826571444153
8,48,No,5,4,40.84534606450856
1,72,No,7,0,45.43365083029475
4,77,Yes,8,6,61.37271652536204
2,53,Yes,8,9,31.811727857892883
3,56,No,5,7,35.278576742026786
1,96,No,8,6,71.53872626802476
1,72,Yes,5,7,46.43920614951215
8,40,Yes,7,7,34.860715757021225
2,45,Yes,4,3,20.536335609796318
5,72,Yes,8,1,58.15481417147588
1,69,Yes,9,8,45.52774513614484
5,49,No,6,5,33.964844166167985
7,58,Yes,6,2,48.84944207803829
8,62,No,6,8,56.37476012606832
1,43,No,6,4,16.21570299892342
8,58,No,5,1,50.43239003411345
4,66,No,4,5,47.43794649505029
6,73,No,8,7,62.626067895442674
1,95,No,8,6,70.52070482667035
9,77,Yes,9,1,75.17443037339866
6,46,Yes,9,7,36.2196398009366
3,65,No,4,4,43.36137931293155
4,48,No,5,1,28.808886582764313
2,55,Yes,6,7,32.47988386328413
8,93,No,7,2,87.23330387752233
7,49,Yes,7,3,40.37119254450737
4,47,Yes,5,1,28.38479600612721
5,87,No,5,3,71.76799201766374
8,65,No,6,5,58.835654006192335
3,54,Yes,6,3,33.531790756128686
6,77,No,6,8,65.92343722748197
3,62,Yes,9,0,42.54145171506189
4,62,Yes,4,6,44.15751507566303
4,78,No,8,3,61.20363665805992
5,92,No,7,2,77.63281565781415
7,52,No,6,5,42.740553009133734
6,83,Yes,4,7,71.45533334432125
3,48,No,5,1,25.948064323313055
2,66,Yes,6,3,42.88722579293036
5,68,No,4,8,52.927982081149594
1,76,No,8,5,50.98057395962347
3,90,Yes,7,7,71.45767652748549
3,46,Yes,4,2,24.217455829288905
9,72,No,7,1,68.51795238721789
5,77,No,7,4,62.75794100012413
4,89,Yes,7,8,73.49820082689541
8,44,No,6,5,37.45720373774971
2,99,Yes,9,5,78.3360401922892
1,99,Yes,4,6,73.24184162742246
9,93,No,7,5,90.6872965809128
8,91,No,5,8,85.41116196800053
9,96,Yes,4,3,92.48118493503007
1,61,No,8,3,35.314805376681164
3,73,Yes,5,0,51.79480774057756
2,45,Yes,4,5,20.931782572422456
4,41,Yes,8,2,23.933050711350955
5,44,No,6,0,27.886119552830564
7,84,No,6,9,76.10813305772717
4,89,Yes,7,1,72.11413645770389
7,51,Yes,6,7,42.711909395122774
1,40,Yes,8,9,15.716626860834289
5,83,No,5,0,67.10273580830687
1,83,No,8,0,57.11810664253898
1,86,Yes,5,9,61.08695329110005
2,41,No,8,8,18.803816215609572
8,88,No,5,8,82.3570976439373
6,77,No,6,4,65.13254330222968
5,87,Yes,9,2,74.10907923045082
9,65,Yes,4,8,61.9111376596087
1,94,Yes,9,3,69.98966376343974
5,56,Yes,5,2,40.605534719081234
1,99,Yes,4,6,73.24184162742246
5,62,Yes,7,2,47.68610328189913
7,85,No,9,8,78.38709088980565
3,82,No,6,2,61.24473676802181
5,89,No,7,4,74.97419829637707
1,44,Yes,7,3,18.11615178102778
3,89,No,8,7,70.33194417875947
3,63,Yes,6,8,43.682601134883754
1,77,Yes,4,1,49.85675251106005
1,42,Yes,8,4,16.76405233697774
3,80,No,7,3,59.89263732397177
8,88,No,9,2,83.11563658544169
2,81,No,6,1,57.168169585903065
9,50,Yes,9,9,49.26963930733416
5,81,No,6,5,66.54153028950914
9,86,Yes,6,9,84.45975132405582
9,88,Yes,5,4,85.02095684285356
3,76,Yes,5,9,56.62838339645845
7,79,Yes,9,4,72.0819991811442
1,99,No,7,5,73.9088471534292
9,98,No,6,7,95.68663079296529
4,40,Yes,6,5,22.535759799244346
3,75,Yes,5,8,55.41263847379097
9,44,No,5,1,39.04091211460296
5,59,No,5,1,42.86794469711409
3,76,Yes,5,6,56.03521295251924
4,87,Yes,5,1,69.10565366030364
5,40,Yes,7,8,26.475972459980532
5,70,No,7,4,55.631790910643254
9,90,No,5,8,87.25396278609736
2,44,Yes,6,4,20.6884775644464
6,40,Yes,4,0,26.296346996890065
3,64,Yes,9,1,44.775218079083785
1,43,Yes,7,4,17.295853820986444
4,91,No,9,5,75.31958231563912
4,45,No,6,8,27.62510658523831
6,95,No,8,7,85.02253960523971
7,85,Yes,9,4,78.19012782927066
3,72,Yes,8,3,52.82861661519951
8,54,No,6,6,47.835141632606884
7,75,No,8,6,67.32520955628968
1,53,Yes,8,5,28.16001167318933
3,95,Yes,4,2,74.10050645565504
1,53,Yes,6,2,26.59440131455869
9,42,Yes,8,0,38.859736487335496
5,89,Yes,6,7,75.67507964768788
5,61,No,8,1,46.36264745186004
5,74,No,5,3,58.5337132800564
4,80,No,5,5,62.176466631357755
2,52,Yes,7,8,30.10976297787969
9,74,Yes,8,6,72.62276349855509
1,90,Yes,5,5,64.3681451312654
1,71,No,7,9,46.195140720758005
9,58,No,6,4,54.37260269484964
8,93,Yes,6,2,87.34101478489393
9,52,No,4,5,47.48975761334483
9,64,No,6,1,59.887560899036885
2,42,No,8,9,20.019561138277055
6,59,Yes,4,1,45.83647786393695
1,71,Yes,9,6,47.16834105622751
5,87,No,9,7,74.50376577229888
7,89,No,9,4,81.668282729971
6,52,Yes,6,6,40.67138509571286
3,67,Yes,8,6,48.33167985236667
5,60,No,9,0,45.63312248653827
5,99,No,7,5,85.35213619123424
3,66,No,9,7,47.403670984953735
1,99,Yes,9,8,76.06838837677716
1,99,Yes,9,3,75.0797709702118
2,68,No,7,1,44.42011080564144
1,59,No,4,8,32.32250007115486
5,91,Yes,4,8,76.93640609701835
7,54,Yes,4,5,44.39808684186844
2,95,No,9,7,74.0654705247804
3,56,Yes,7,6,36.64722404012244
4,50,Yes,6,7,33.11142117541459
6,44,Yes,7,3,32.420263078284066
1,65,No,8,2,39.189167660785735
5,47,No,4,9,31.74725529402004
5,95,No,9,1,81.46159641525573
2,80,Yes,5,0,56.06013557060718
3,95,Yes,5,1,74.38900293168767
7,75,No,8,1,66.33659214972431
8,55,Yes,5,9,49.55404442527212
3,75,Yes,5,7,55.2149149924779
5,53,No,8,8,39.602540290216275
5,95,Yes,8,1,81.56930732262732
9,84,Yes,8,8,83.19842487472535
9,72,No,7,6,69.50656979378326
6,55,Yes,6,6,43.72544941977609
8,45,No,4,8,38.09595570835191
3,42,No,9,3,22.180262467195575
8,51,Yes,6,8,45.770455135887104
2,72,No,9,1,49.4646364857505
8,70,No,8,3,64.50275416502966
7,66,Yes,8,7,58.95467093013036
9,41,Yes,8,5,38.83033245254646
7,51,Yes,8,5,43.288902347188056
5,61,No,7,0,45.67870401320126
6,76,No,8,2,64.69151481294054
1,71,Yes,6,5,45.511957702877304
2,63,Yes,9,4,41.48954482221734
4,92,No,8,2,75.2582133557086
6,82,No,4,6,69.64565755693646
6,57,No,9,2,45.83532738455244
4,66,No,8,6,49.58054980574621
8,55,No,5,1,47.37832571005022
9,57,Yes,4,8,53.76696612877341
1,42,Yes,8,1,16.17088189303852
6,93,No,5,5,81.13238988786762
6,55,Yes,9,1,44.19549188524786
6,45,Yes,5,3,32.46584460494705
7,90,No,8,2,81.80463725135355
8,89,Yes,5,8,83.96904995000901
7,53,No,9,1,44.42634039727298
8,86,Yes,5,9,81.11270910725885
5,87,Yes,6,7,73.63903676497905
6,44,No,9,8,33.78738953482355
1,71,Yes,6,6,45.70968118419037
6,92,Yes,9,4,82.45545565930028
3,45,Yes,7,4,25.053541222597776
3,64,Yes,4,7,43.53045918023366
4,48,No,9,4,31.34693685608638
6,82,No,6,7,70.81582095294095
4,75,No,6,5,57.57257938193141
2,92,No,9,0,69.62734183152565
9,92,No,5,2,88.10366478092774
2,47,No,8,6,24.51649790110989
8,88,Yes,5,2,81.76468762077616
2,66,No,8,6,43.858905286843694
3,58,Yes,6,1,37.20842955892019
1,64,No,6,9,38.582770673931414
6,60,No,5,2,46.944511879232834
8,63,Yes,9,5,58.852201860237955
9,63,No,9,3,60.723646292345755
3,99,No,9,0,79.61431418045778
5,58,Yes,4,5,42.748528088383566
8,67,No,6,3,60.476249926275
3,79,Yes,9,5,60.83643362465224
6,81,No,9,5,70.86101242099753
1,86,No,7,4,60.4768449345088
1,52,Yes,9,7,28.023657151806777
8,85,Yes,6,3,79.39456673537171
6,88,No,6,5,76.52850263844127
3,90,Yes,5,6,70.28751313148098
4,78,No,7,7,61.5083106259665
1,47,No,9,0,20.9555547111259
4,49,No,8,5,32.07646182140815
2,46,No,5,0,20.853475699839898
1,92,Yes,6,8,67.48357841525916
6,76,Yes,6,4,64.70845272559257
4,66,No,4,0,46.44932908848492
4,96,Yes,7,7,80.42662743506321
2,66,Yes,5,0,41.807835391645426
6,81,Yes,8,5,70.96872332836912
8,66,No,6,8,60.446845891485964
7,42,No,5,7,32.46956560087006
8,67,Yes,5,3,60.58396083364661
4,69,No,5,7,51.37367773908538
8,93,No,9,0,87.8102968295876
7,68,No,9,6,60.685279424154515
9,52,No,5,9,48.76687149594284
1,42,Yes,6,3,15.593888940973244
6,41,No,9,8,30.733325210760313
8,77,Yes,5,2,70.56645176587764
9,71,No,5,7,67.71383191905049
4,52,No,9,5,35.616746102817096
2,98,No,8,0,75.2492505223064
1,67,Yes,8,0,41.42369444558572
6,99,No,6,4,87.52901501202672
1,96,No,7,1,70.06388890411368
1,96,Yes,5,6,70.67399726070494
1,87,No,6,6,61.404093381143646
1,59,Yes,7,9,34.57281428922238
8,52,No,7,1,45.29670130067841
3,86,No,4,8,65.53072350662647
2,83,Yes,4,5,59.616597343890064
1,53,Yes,7,5,27.67379171584362
2,91,Yes,7,7,69.61487570938864
7,49,No,9,1,40.35425463185534
7,64,Yes,6,7,55.94618813273012
3,89,Yes,9,2,70.42347759425712
8,81,No,5,2,74.04460666657798
7,65,No,5,9,56.279505714647655
6,75,No,7,7,64.17589082080579
5,55,Yes,6,8,41.26007412295098
7,87,No,8,6,79.54146685254261
5,99,No,6,3,84.47046927126237
1,46,No,6,6,19.66521428561279
5,90,No,8,2,76.08299273245103
4,40,Yes,8,4,23.310476232622687
4,74,No,7,3,56.64533093529656
8,62,No,9,9,58.031143479418525
1,46,Yes,6,4,19.86369818770396
2,91,Yes,8,0,68.71703129754283
8,75,Yes,7,4,69.89829576048639
2,59,No,5,6,35.27409532532569
9,63,Yes,8,1,60.43591023709121
5,88,No,7,3,73.75845337370959
6,78,Yes,5,1,65.66510520701647
2,77,No,7,9,55.164091628335726
5,76,Yes,6,5,62.04535394745439
5,51,Yes,7,1,36.29014394568753
9,56,No,4,4,51.36411989744939
5,46,No,4,6,30.136063408726404
2,77,Yes,6,9,55.27180253570732
6,42,No,6,8,30.29268678007759
5,70,Yes,9,0,56.40726776479969
4,82,Yes,7,4,65.58115681216223
6,68,No,6,3,55.7726268487269
6,93,No,6,2,81.0254394012741
5,81,Yes,4,0,65.17440383296966
4,78,No,9,6,62.28302705934485
3,93,No,8,4,73.8108595002379
4,92,No,4,5,73.90650397026498
8,76,Yes,5,4,69.94387728714938
7,91,No,9,9,84.69294301924519
2,74,No,5,2,49.75352302038956
5,48,No,5,5,32.46060276746786
3,58,No,7,0,36.90299517023551
8,75,No,9,8,71.0676987357128
1,46,No,9,8,21.519321120276075
8,99,Yes,8,9,95.80564771690334
7,51,Yes,4,8,41.93719296174443
6,58,Yes,4,2,45.016179903895605
7,41,Yes,6,6,32.33397150026559
7,69,Yes,6,9,61.43174230212832
1,81,No,4,6,54.32352481832576
8,44,No,8,0,37.44102624587576
2,60,No,8,9,38.343947082656456
8,59,Yes,7,9,54.598570105381185
7,47,No,5,5,37.16422584501597
8,51,No,8,4,45.358070260608926
1,60,Yes,4,3,32.94583497066121
4,69,Yes,7,6,52.74232503718104
6,66,Yes,8,8,56.29157215199218
2,65,Yes,9,1,42.93241726098694
7,65,Yes,9,6,58.22514596480859
3,75,Yes,9,3,56.36890089660845
2,79,No,6,3,55.52757366582039
2,98,Yes,6,3,75.46391191627151
7,89,No,5,1,79.13023245664893
1,50,Yes,7,6,24.81745087309346
9,41,Yes,8,1,38.039438527294166
8,40,Yes,6,7,34.374495799675515
9,83,No,9,7,81.87496904468627
4,93,Yes,4,0,74.52983886977132
2,69,No,8,0,45.72662872302848
2,74,No,5,1,49.55579953907648
5,97,Yes,7,3,83.51457721061658
5,45,No,5,6,29.604261924717704
9,82,No,7,3,79.09361376338813
9,43,Yes,8,8,41.45954577919451
8,84,No,5,8,78.28501187851964
4,49,Yes,7,0,31.195555322214382
3,84,Yes,4,6,63.693164526008815
6,85,No,4,3,72.10655143706046
6,60,Yes,6,8,49.21100358917429
7,49,No,6,6,39.88421216638358
1,95,Yes,8,1,70.1260182848223
2,78,Yes,8,4,56.27364648518779
1,93,No,6,2,66.72132810401781
3,80,No,7,7,60.68353124922407
9,43,Yes,9,8,41.94576573654022
4,90,No,8,0,72.82672351037363
5,91,Yes,7,7,78.19734248774242
9,78,Yes,8,3,76.10167882003351
3,47,Yes,4,7,26.224094677208683
9,67,No,4,4,62.56235575234791
8,94,Yes,5,7,88.86143367546799
8,73,No,4,9,66.79827954758849
2,65,Yes,7,4,42.55314779023473
8,76,No,9,3,71.09710277050183
8,53,Yes,6,3,46.817880612030564
9,56,No,4,3,51.16639641613632
7,79,No,9,0,70.6971743911746
5,58,No,6,3,42.73159017573154
9,76,Yes,8,1,73.67018897469855
5,41,No,7,2,25.713722148739194
2,49,No,6,3,24.986930425188067
6,74,No,8,9,64.03953629942323
7,63,No,6,1,53.14789493877996
9,56,Yes,5,4,52.44427071951242
2,79,No,8,5,56.895460543137965
6,41,Yes,4,7,28.69843280743599
4,45,No,5,4,26.3479927026403
4,60,Yes,8,2,43.27545809708476
1,94,Yes,4,7,68.34945790196348
1,68,No,6,8,42.457132958035984
6,46,No,6,2,33.1784316576168
3,72,Yes,9,2,53.11711309123214
6,87,No,7,1,75.20580722918028
2,92,Yes,5,9,70.05590419867778
2,63,Yes,6,7,40.624055394119424
4,65,No,4,4,46.22220157238281
1,86,No,5,4,59.504405019817376
7,99,Yes,8,8,92.74710197613899
4,41,No,7,4,23.248346851914082
3,60,Yes,8,1,40.21691235632043
3,53,No,6,5,32.31528541268311
1,81,Yes,6,7,56.08761907904756
2,83,Yes,9,1,61.25680320536633
8,58,No,6,6,51.90722739802453
5,84,Yes,6,8,70.7826959222289
2,52,Yes,8,9,30.793706416538473
3,61,No,6,6,40.65718042483147
3,95,No,6,1,74.28129202431607
7,83,Yes,5,6,74.60465207980513
1,99,No,9,7,75.27673403074678
9,74,Yes,7,9,72.7297139851486
1,53,Yes,9,5,28.64623163053504
6,52,Yes,7,5,40.9598815717455
6,86,No,7,2,74.38550926913894
1,53,No,5,0,25.11880352986952
2,90,No,8,1,67.30280247278418
9,75,Yes,6,7,72.86606850653115
6,40,Yes,4,9,28.075858328707728
2,92,Yes,7,4,70.03972670680383
8,50,Yes,4,5,43.186823335902055
3,66,No,8,8,47.1151745089211
9,61,Yes,9,9,60.46787516223268
9,85,Yes,7,6,83.3347793961079
9,88,Yes,8,5,86.67734019620377
2,85,Yes,9,1,63.29284608807515
8,49,No,5,6,42.25881446848912
8,63,Yes,5,0,55.91870462428974
4,48,Yes,9,6,32.33631468342983
4,56,Yes,5,1,37.546988978316904
6,77,No,6,4,65.13254330222968
6,79,No,8,3,67.94330261831685
6,76,Yes,5,7,64.81540321218608
7,45,No,8,4,36.389119353031205
9,60,Yes,9,7,59.05440675825212
3,75,No,8,1,54.89330311191928
4,75,No,9,9,59.82213317922084
8,64,No,5,7,57.72685957011836
7,50,No,7,7,41.58617704639677
3,84,No,6,6,64.07167357598293
3,87,Yes,8,5,68.49438519814181
1,96,No,7,5,70.85478282936597
4,75,Yes,9,7,60.020617081312
4,42,Yes,7,0,24.069405232733505
2,48,No,7,1,24.059681978553222
4,47,No,6,0,28.07936161744254
6,77,Yes,8,9,67.68753148820377
7,43,Yes,9,2,35.03778032975926
5,81,Yes,5,3,66.25379423425458
5,43,No,7,9,29.13382940063953
8,83,No,9,5,78.61869982260886
9,43,No,4,4,38.12984115984206
8,48,Yes,4,0,40.16216304662787
4,51,Yes,9,0,34.20403811961462
7,94,No,9,1,86.16521949280383
4,47,Yes,8,9,31.425243728668935
4,59,Yes,8,2,42.257436655730345
9,78,Yes,6,7,75.92013283059438
5,74,Yes,6,5,60.00931106474557
1,88,Yes,4,5,61.84588229121087
8,96,Yes,5,9,91.29292352080296
4,98,Yes,9,6,83.23738675115038
2,95,No,4,2,70.64575333148647
9,46,Yes,4,2,41.38238938599645
5,70,No,4,4,54.173131038606115
4,57,Yes,9,4,41.10306069299338
7,53,No,6,8,44.35174489442737
3,78,Yes,6,9,59.15064623651299
5,98,Yes,8,7,85.809712534569
3,76,Yes,9,8,58.375539744528226
5,48,No,9,3,34.010035634224565
8,59,No,4,9,52.54597936862674
9,96,No,6,8,93.84831139156955
2,67,Yes,7,2,44.193743710317406
7,92,No,9,1,84.12917661009502
6,66,Yes,6,3,54.33051483073539
4,47,No,8,6,30.238142420012405
7,96,Yes,7,2,88.02047680685162
8,71,No,9,6,66.600166007669
5,48,Yes,7,7,34.42242050950274
6,69,No,9,7,59.040202087370744
7,40,Yes,4,8,30.738957106845913
1,44,No,8,6,18.6016113175954
8,74,Yes,5,6,68.3032813670667
8,53,No,7,5,47.10561666728511
4,69,No,4,0,49.50339341254816
1,43,No,9,0,16.88346894570826
1,46,Yes,5,5,19.575201711671326
9,52,Yes,7,6,49.740071831412344
9,43,Yes,6,8,40.48710586450308
9,82,No,6,5,79.00284076866858
2,75,No,6,0,50.86231745646353
3,47,No,9,2,27.072646192654567
6,71,No,7,9,60.49925201801429
2,81,No,7,2,57.85211302456185
7,65,No,8,0,55.95865425486713
5,81,Yes,5,1,65.85834727162843
3,86,Yes,6,9,67.29481776734828
9,57,Yes,8,7,55.514122476843184
3,97,No,7,9,78.3853427148752
5,83,Yes,7,0,68.6691065877156
8,96,No,9,5,91.8529785602162
6,40,Yes,6,2,27.664233874207635
5,87,Yes,9,5,74.70224967439005
4,67,No,7,3,49.51918084581569
6,44,Yes,5,6,32.04099360753186
4,40,Yes,6,6,22.733483280557415
4,97,Yes,8,0,80.5468044645718
2,92,No,4,1,67.39396552611016
9,92,Yes,7,3,89.86775904164956
7,94,No,5,5,85.01123358867328
7,65,Yes,7,0,56.066365162238725
8,46,No,9,5,40.95190649249566
8,94,Yes,6,4,88.75448318887447
4,91,No,9,7,75.71502927826526
7,65,No,5,8,56.081782233334586
4,53,Yes,5,4,35.0860950981929
7,47,No,8,5,38.62288571705311
1,67,No,4,6,40.071224639364004
1,96,No,8,7,71.73644974933784
6,58,Yes,4,8,46.20252079177405
3,71,Yes,4,5,50.2611623070884
2,62,Yes,9,4,40.471523380862926
1,56,No,6,2,29.05453477390461
3,77,No,5,4,56.06385656653019
4,61,Yes,7,5,44.400430025032676
7,87,No,7,8,79.45069385782305
8,90,Yes,7,2,84.7731704181764
1,52,Yes,7,0,25.667152867923843
9,91,Yes,7,1,88.454290637669
6,62,Yes,9,2,51.51936545604181
7,51,Yes,5,0,40.84162506858555
2,57,No,6,2,32.93337847471028
6,97,No,9,3,86.75390852004196
2,53,No,5,2,28.375072751946927
6,97,Yes,9,7,88.13873331001156
9,77,No,9,0,74.3827760273683
9,97,Yes,4,0,92.90603593244526
7,96,Yes,9,1,88.79519324022996
8,91,Yes,7,2,85.79119185953081
7,71,No,9,4,63.3438967855916
9,96,No,6,9,94.04603487288261
4,73,Yes,4,3,54.762580486622326
6,53,No,9,2,41.7632416191348
2,83,Yes,4,1,58.82570341863777
8,56,No,9,3,50.73667394341362
5,54,Yes,9,9,41.898436034946776
2,71,Yes,8,8,49.9383903209592
4,52,Yes,5,1,33.474903212899264
1,60,Yes,7,8,35.393112249263716
2,79,Yes,7,9,57.79406537576185
9,96,Yes,8,9,95.61240565229136
9,55,No,7,7,52.39792877207134
7,70,Yes,9,6,63.31525317158064
6,75,Yes,4,1,62.12482092560752
6,99,Yes,6,4,88.12294587674403
7,84,No,7,0,74.81484168325522
3,51,Yes,7,6,31.55711683335038
2,95,Yes,9,7,74.6594013894977
4,43,No,7,1,24.691219290683684
9,67,Yes,7,1,64.02177604516314
4,81,No,7,5,64.16692798740358
3,49,No,9,5,29.701859519302605
2,80,Yes,7,2,57.428022447924754
9,88,No,5,6,84.8224729407624
3,41,No,6,5,20.099028116430183
3,67,No,4,3,45.1996987143273
1,92,Yes,4,6,66.11569153794159
4,50,No,5,6,31.8335468720385
6,98,No,8,2,87.08798652273758
7,41,Yes,6,8,32.72941846289174
4,80,Yes,9,8,65.30844776939713
7,73,Yes,4,2,63.147323783663026
5,92,Yes,4,6,77.55898057574662
7,61,No,5,0,50.427908617412356
5,62,Yes,6,1,47.00215984324034
6,58,Yes,8,1,46.76333625196538
5,87,Yes,6,3,72.84814283972676
5,71,Yes,4,5,55.98280682599091
4,86,No,7,3,68.86158823154949
5,78,Yes,7,4,64.36989330619585
4,96,Yes,8,0,79.5287830232174
7,74,Yes,5,2,64.65156518236316
6,53,No,5,6,40.60925571500425
9,78,No,7,4,75.21925147928357
5,87,Yes,6,7,73.63903676497905
8,98,Yes,5,9,93.32896640351179
1,48,Yes,7,3,22.18823754644543
8,56,No,4,5,48.70102111931121
7,56,No,8,4,47.587355207929726
8,98,No,4,9,92.24881558144875
4,77,Yes,9,7,62.056659964020824
7,85,No,8,8,77.90087093245994
3,69,No,4,2,47.03801811572305
5,66,Yes,4,7,51.288146581845005
2,55,Yes,6,5,32.08443690065799
1,62,Yes,7,3,36.44053772540717
9,61,No,4,8,57.245121029473744
2,66,No,4,3,41.32085501352163
5,41,No,4,8,25.4414031645805
2,65,No,7,2,41.563769962891286
6,67,Yes,5,2,54.664592833431016
5,58,Yes,7,2,43.61401751648148
2,59,No,7,5,36.04881175870403
7,69,No,5,3,59.16525059218686
4,42,No,6,0,22.989254410670483
4,85,No,5,3,66.87112687550366
1,78,No,8,0,52.02799943576693
9,67,Yes,7,4,64.61494648910235
2,90,No,6,0,66.1326390767797
5,96,No,7,7,82.69351882979716
6,59,Yes,7,9,48.87692558647866
5,73,Yes,7,5,59.477509580736864
4,97,No,7,7,80.85071801170031
8,73,No,4,1,65.21649169708391
7,92,No,6,4,83.2636871819971
8,59,No,9,0,53.19756782353763
5,94,Yes,8,9,82.1330737317775
7,58,No,8,6,50.0188450532647
2,84,Yes,8,0,61.59088120806196
6,43,Yes,6,8,31.904639086149313
2,94,Yes,5,2,70.70788271219509
8,86,Yes,8,8,82.3736454979829
3,72,No,6,5,51.65769279841692
5,41,Yes,9,6,28.070986853400214
4,81,No,7,9,64.95782191265589
4,64,Yes,9,8,49.02010470772655
6,54,Yes,8,7,43.877591374426174
3,63,No,6,1,41.704605900974926
6,70,No,7,7,59.08578361403373
7,45,Yes,7,2,36.101383297776664
4,57,Yes,7,2,39.735173815675815
4,90,Yes,9,8,75.48866218294124
7,55,Yes,7,1,46.083874230007694
4,66,No,8,0,48.39420891786777
8,85,No,6,9,79.98697675853285
2,49,No,4,8,25.003107917062014
5,62,No,6,9,47.990016829027624
4,52,No,4,1,32.394752390836246
2,61,Yes,9,9,40.44211934607388
9,62,Yes,7,5,59.72256276364338
1,74,No,4,1,46.20875732227951
1,42,Yes,9,7,17.843442738262674
6,41,Yes,6,0,28.286808352935896
1,88,No,5,9,62.529065309091564
3,71,Yes,5,9,51.5382761896864
5,72,No,7,0,56.87693986809978
5,55,Yes,4,9,40.48535768957263
4,95,Yes,9,5,79.98559894577407
3,95,Yes,4,9,75.48457082484656
1,41,Yes,8,8,16.536924820875626
8,53,No,8,2,46.99866618069161
4,95,No,9,6,79.58939156236984
9,94,Yes,7,5,92.29924888698453
7,69,Yes,5,8,60.747798863469534
6,59,Yes,4,5,46.62737178918924
6,95,No,6,9,84.44554665317445
9,70,Yes,8,2,67.75978380788516
8,46,No,9,0,39.96328908593029
4,94,Yes,8,3,78.0859105844478
7,52,No,4,4,41.57038961312924
7,89,Yes,4,5,80.02883728927281
8,95,Yes,9,6,91.62661146489218
5,91,No,9,4,77.9826810937773
5,43,Yes,7,0,27.948248933539176
7,54,Yes,7,1,45.06585278865328
3,91,Yes,8,5,72.56647096355945
9,47,No,5,2,42.29269991997927
2,93,No,6,4,69.97759732609522
7,48,No,9,1,39.336233190500934
6,96,Yes,5,9,85.57127900190045
7,74,Yes,8,7,67.09884246096566
1,91,No,6,1,64.48756173999593
7,58,Yes,6,4,49.24488904066443
6,87,Yes,6,1,75.31351813655188
6,91,No,6,2,78.98939651856529
1,40,No,9,6,15.015745509523462
6,90,No,5,4,77.88060208249131
4,79,No,4,4,60.47450175134456
2,93,Yes,4,2,69.20364131349496
3,43,Yes,5,5,22.242781906510608
9,57,No,7,9,54.82941861740631
2,60,No,8,2,36.959882713464935
5,40,No,4,5,23.830211279286868
3,75,No,6,5,54.71175712248015
8,47,No,4,9,40.32972207237381
8,66,No,6,9,60.64456937279904
2,58,No,6,9,35.33546428525621
8,91,No,7,1,84.99953751350043
5,80,Yes,5,6,65.8289432368394
4,50,Yes,7,3,32.80674720750801
7,60,No,7,8,51.96411494125395
6,46,Yes,9,5,35.82419283831045
3,62,No,5,6,41.18898190884018
9,76,Yes,8,1,73.67018897469855
2,72,Yes,8,4,50.16551783706132
9,54,Yes,5,7,51.00139828074281
2,42,Yes,9,4,20.111094553774713
8,92,No,6,7,86.71767988538757
6,41,No,8,8,30.247105253414603
3,80,Yes,7,0,59.89339774474986
3,40,Yes,9,9,21.924491337082515
9,47,Yes,7,1,43.66134721807492
6,86,Yes,7,9,76.36350450304776
5,74,Yes,7,1,59.70463709683899
1,99,No,7,3,73.51340019080307
4,84,No,5,3,65.85310543414926
2,83,No,7,6,60.67904983252297
4,83,Yes,5,4,65.62673833882522
7,83,Yes,9,5,76.35180842787491
6,45,No,4,5,31.78114074551018
5,64,No,6,5,49.23516578648415
3,70,Yes,8,3,50.79257373249068
7,80,Yes,9,5,73.29774410381168
9,41,Yes,5,7,37.76711954313547
2,60,Yes,9,4,38.43548049815411
6,92,Yes,9,7,83.0486261032395
7,83,Yes,4,2,73.32753819720713
8,73,Yes,4,6,66.79903996836657
6,99,Yes,5,3,87.43900243808524
4,48,No,4,7,29.509007513297046
3,95,Yes,5,4,74.9821733756269
3,69,Yes,4,1,47.43422549912728
4,61,No,6,0,42.33166179640429
9,50,No,7,8,47.50554504661236
6,52,Yes,8,9,42.2369954543435
3,55,No,9,4,35.61226468611599
3,40,Yes,8,0,19.658760047919138
9,50,Yes,7,5,47.50630546739045
7,83,Yes,9,8,76.94497887181413
3,80,No,5,9,60.10653829715879
3,67,Yes,9,0,47.63155892183394
8,81,Yes,9,3,76.7811408419912
9,40,Yes,8,9,38.60320493644434
9,67,No,4,9,63.55097315891328
7,97,Yes,7,9,90.42256261739755
2,94,No,8,0,71.17716475688876
5,56,No,9,5,42.549654127686
5,65,Yes,9,9,53.0966718898453
5,59,Yes,9,0,45.20903190990117
5,52,No,7,9,38.29602237282923
9,45,No,5,8,41.44299792514889
1,62,No,7,1,35.45115989806372
6,41,Yes,8,4,30.050142192879616
4,56,Yes,7,3,38.91487585563448
6,71,No,8,6,60.39230153142078
2,42,No,7,9,19.533341180931345
9,41,Yes,5,5,37.371672580509326
8,80,Yes,4,5,73.72746657653438
7,57,Yes,7,7,49.30625800059495
6,83,Yes,6,3,71.63687933376038
2,65,No,9,9,43.92027424677421
6,51,Yes,4,0,37.49458285178858
9,60,Yes,9,3,58.26351283299983
1,87,Yes,4,4,60.63013736854339
1,47,Yes,8,8,22.645053469002093
1,62,No,8,9,37.519167705914015
7,52,No,5,8,42.847503495727246
5,93,No,7,1,78.45311361785548
5,92,No,8,6,78.90992954041215
1,88,No,6,8,62.817561785124205
6,53,Yes,7,1,41.18700908784761
9,55,Yes,7,5,52.5964126741625
1,78,No,4,6,51.269460494262525
7,71,Yes,4,7,62.099898307519574
1,57,No,8,0,30.6495491673243
8,69,Yes,4,5,62.52923072163586
8,97,No,9,6,93.06872348288368
5,58,No,8,2,43.506306609109885
7,86,No,6,4,77.15555853387063
2,45,Yes,8,5,22.876662401805305
2,59,Yes,5,6,35.868026190043
2,77,No,7,5,54.373197703083434
5,97,Yes,5,3,82.54213729592516
8,80,No,8,2,74.4852450972607
1,97,Yes,8,7,73.34840205540955
9,63,No,8,9,61.42376722287848
3,65,No,8,3,45.10853566100132
3,53,Yes,9,8,34.96104659337678
9,87,No,4,3,82.72506109812306
5,98,Yes,4,6,83.66710922387307
6,79,No,6,9,68.15720359150387
1,42,No,4,2,13.829794680251439
5,77,No,4,0,60.5083872028347
6,95,No,5,5,83.16843277057643
4,79,Yes,6,4,62.04087253075329
7,72,Yes,4,2,62.12930234230862
9,53,Yes,6,9,50.86504375936026
9,99,Yes,8,8,98.46874649504151
4,67,No,5,6,49.13991137506349
2,54,Yes,7,6,31.75035889796236
8,53,Yes,4,3,45.84544069733914
3,65,No,9,1,45.199308655720884
1,41,Yes,5,5,14.485094504899273
5,49,No,7,4,34.25334064220063
5,60,Yes,4,0,43.795953564527025
8,99,No,9,3,94.51159592165328
3,83,Yes,6,3,63.0544125554066
5,92,No,9,1,78.4075320911925
5,47,No,7,9,33.205915166057174
3,83,No,6,2,62.262758209376216
7,91,No,8,7,83.81127609927333
9,80,Yes,6,4,77.36300526936398
4,63,Yes,9,9,48.199806747685216
1,79,No,7,4,53.350694845027924
5,95,Yes,7,2,81.28081084659469
6,96,Yes,5,6,84.97810855796122
3,98,Yes,7,7,79.60184805832077
2,73,Yes,6,6,50.606546326350454
3,50,No,4,1,27.497887248676165
5,57,Yes,5,3,41.821279641748724
3,82,Yes,4,3,61.06395119936077
1,57,Yes,7,8,32.33904792520049
3,52,No,7,4,31.58576044736134
8,40,Yes,6,0,32.990431430484
9,43,Yes,6,6,40.09165890187693
8,67,No,4,1,59.108363048957436
5,65,No,5,4,49.56924378917978
1,62,Yes,7,6,37.0337081693464
2,78,No,9,3,55.968212096503116
6,77,Yes,7,0,65.4218001990404
6,74,No,5,4,61.592259020820734
7,69,Yes,5,1,59.36373449427802
5,92,No,5,8,77.84671663100116
8,77,No,4,2,69.48630094381463
4,68,Yes,5,5,50.55414019982213
9,91,No,5,8,88.27198422745178
7,43,Yes,7,0,33.669893452441684
6,98,No,8,0,86.69253956011143
8,55,Yes,9,3,50.31258336677652
7,64,Yes,7,8,56.63013157138891
3,50,No,7,0,28.758823639400223
2,95,No,5,8,72.31831417671063
8,75,No,8,3,69.59286137180172
5,47,Yes,4,5,31.550292233485052
5,85,Yes,8,5,72.17998683433551
2,80,No,6,0,55.95242466323558
3,61,Yes,8,1,41.23493379767484
3,90,No,6,5,69.98207874279632
8,49,Yes,4,3,41.773354931921496
3,73,No,5,5,52.18949428242562
1,85,Yes,9,5,61.22291775387619
5,68,No,5,6,53.01875507586915
8,84,Yes,6,9,79.56288618189573
3,48,Yes,5,3,26.937442150656512
8,78,No,7,0,71.56753529458001
4,94,Yes,4,5,76.5364777176911
2,71,Yes,9,9,50.62233375961799
1,89,Yes,5,5,63.35012368991099
6,95,No,5,6,83.3661562518895
8,90,No,5,4,83.60224660139382
8,56,Yes,9,9,52.51694569600937
7,58,No,8,8,50.41429201589084
5,91,No,4,4,75.55158130704875
7,96,Yes,6,3,87.73198033081897
5,82,Yes,4,6,67.37876616220251
9,69,Yes,5,9,66.66716686368513
4,81,Yes,8,1,64.45618488421431
8,51,Yes,4,9,44.99573870250876
4,52,No,5,3,33.27641931080811
5,91,No,4,4,75.55158130704875
6,59,No,9,0,47.47592330463512
7,76,Yes,7,7,68.64866538632876
9,98,Yes,4,8,95.50584522430427
5,60,No,9,2,46.02856944916442
4,64,No,8,6,47.54450692303739
2,65,Yes,8,1,42.44619730364123
5,40,Yes,8,9,27.159915898639316
9,83,No,8,9,81.7841960499667
8,45,Yes,9,7,40.92326287848471
7,67,Yes,8,6,59.7749688901717
7,84,No,6,0,74.32862172590951
4,69,No,8,5,52.436890648496366
3,57,No,6,3,35.99192421547461
5,66,No,6,8,51.86437911313219
2,60,Yes,6,5,37.17454410743004
3,99,No,8,8,80.70988207361665
7,79,Yes,9,6,72.47744614377035
9,54,Yes,4,4,49.92200787945788
5,91,No,6,3,76.3262977404271
1,57,No,8,3,31.24271961126352
7,94,Yes,4,2,84.52577405210566
2,76,Yes,9,8,55.51471748507697
9,99,Yes,5,7,96.81236314169129
2,91,No,8,2,68.51854739545168
6,59,No,9,5,48.464540711200485
8,40,No,4,3,32.017231095014495
1,60,No,9,5,35.17845085529861
4,62,No,7,1,44.033626676417484
3,93,Yes,9,5,75.08873380361399
5,58,Yes,8,8,45.28657836170564
1,67,No,9,3,41.90915398215334
6,70,No,8,5,59.176556608753295
1,70,No,9,4,45.160941787529644
8,61,No,8,9,56.5269020807184
6,84,Yes,4,5,72.07790782304951
9,48,Yes,9,3,46.0472555367469
2,91,No,9,2,69.00476735279739
5,48,Yes,7,0,33.03835614031123
9,55,No,7,2,51.40931136550597
1,71,No,7,7,45.79969375813185
4,53,No,8,9,36.93944151207809
7,47,No,8,7,39.01833267967925
8,85,Yes,6,8,80.38318414193708
1,82,No,8,7,57.48414957037608
7,95,Yes,5,6,86.82090937605807
9,67,No,5,9,64.03719311625899
8,85,No,7,2,79.08913234668704
6,87,No,5,3,74.628814277115
8,59,Yes,4,7,52.7444632707179
9,72,No,9,0,69.29266882059623
8,41,Yes,5,1,33.719956395805774
9,56,No,7,9,53.8113971760519
7,91,No,4,3,81.0755023446382
8,76,Yes,4,6,69.8531042924298
6,56,Yes,6,4,44.34802389850435
1,77,No,4,4,49.855992090281966
7,74,Yes,6,7,66.12640254627422
9,86,No,6,6,83.2726500153993
1,74,Yes,7,4,48.85451850297318
4,97,No,5,9,80.27372505963504
6,96,No,9,1,85.34044011606139
8,48,No,9,6,43.185672856517556
1,67,Yes,8,5,42.412311852151085
4,75,No,8,6,58.74274277793591
9,97,No,6,6,94.4708858702978
1,84,No,9,6,59.808688929117544
6,89,Yes,5,2,77.06106454322806
6,89,Yes,8,8,79.70606530314363
2,73,Yes,4,8,50.02955337428518
6,70,Yes,7,6,59.48199099743796
6,87,Yes,9,2,76.96990148990209
4,68,Yes,9,7,52.89446699183112
8,58,No,5,3,50.8278369967396
9,66,Yes,4,7,62.73143561965003
7,67,No,8,0,57.994697137575955
6,63,Yes,6,2,51.078727025359086
1,74,Yes,6,5,48.56602202694054
5,43,No,6,0,26.868098111476154
1,46,No,8,8,21.033101162930365
2,61,No,4,8,37.219365213314944
6,61,Yes,4,3,48.267967709271915
6,93,No,8,9,83.38194368515704
4,95,Yes,8,3,79.10393202580221
8,76,No,5,8,70.14084034768436
2,55,No,5,7,31.399733041221115
5,67,No,8,0,52.27305261867344
3,82,No,5,8,61.944857698554536
1,40,No,9,2,14.224851584271171
3,47,No,7,4,26.495653240589288
4,96,No,7,3,79.04180264509361
4,58,No,4,9,40.084668889467295
5,89,No,9,7,76.5398086550077
4,44,Yes,6,8,27.201016008601204
1,98,Yes,5,2,71.91914621816147
2,73,Yes,8,7,51.77670972235495
6,91,Yes,4,3,78.80861094990425
9,54,Yes,9,2,51.95766070356029
4,81,Yes,6,3,63.87919193214904
7,56,Yes,8,2,47.78583911002089
7,92,Yes,8,4,84.83005796140583
4,46,No,7,4,28.338454058686136
1,66,Yes,4,2,38.85624013747461
8,68,No,8,7,63.257605207573135
2,46,No,9,1,22.996079010535816
8,82,No,8,3,76.71901146128259
2,58,Yes,5,9,35.443175192627805
5,79,No,4,3,63.13760052948275
4,45,Yes,7,0,27.12346955679674
7,64,Yes,8,6,56.720904566108466
9,79,Yes,8,9,78.30604114926636
6,61,No,7,4,49.330420197904814
5,56,No,8,2,41.470263726401065
8,61,Yes,6,6,55.55522258680507
7,73,Yes,9,5,66.17159401433081
7,47,No,7,6,38.33438924102046
5,84,Yes,9,8,72.24135579426603
3,63,Yes,5,2,42.0100402896596
4,99,No,8,4,82.77981040781562
9,66,No,8,5,63.686937621689424
2,78,Yes,8,0,55.48275255993549
6,71,Yes,8,7,61.18395587745116
4,67,Yes,4,8,49.64306924506123
8,67,Yes,5,4,60.781684314959676
5,65,No,7,2,50.14623674124505
7,42,Yes,6,3,32.75882249768078
2,40,Yes,6,8,17.407285724281053
9,44,No,5,8,40.424976483794474
4,78,No,7,5,61.112863663340356
5,74,Yes,5,9,60.31398503265215
5,88,Yes,8,5,75.23405115839874
6,55,Yes,4,7,42.95073298639774
7,65,No,9,7,57.82893858140436
9,64,Yes,9,5,62.73104556104362
9,86,No,5,2,81.99553613280129
9,54,No,8,0,50.48206291887112
1,49,Yes,8,6,24.28564938908476
1,40,Yes,7,6,14.637236459549356
7,73,No,4,0,62.15794595631957
8,62,No,9,8,57.833419998105455
3,82,No,5,6,61.54941073592839
9,64,No,4,3,59.31056794697161
3,52,Yes,8,6,33.06135823205051
4,72,Yes,7,0,54.61004847336583
4,81,No,4,1,61.91737419011416
7,71,Yes,5,0,61.20205389567377
3,79,Yes,6,0,58.38915634604974
8,83,No,4,1,75.396706110628
3,80,No,8,7,61.16975120656978
3,81,No,5,8,60.92683625720013
2,49,Yes,6,7,26.371755215157666
1,68,No,8,3,42.44095546616204
5,56,No,7,8,42.17038465693379
6,65,No,4,3,51.74612260997225
6,60,Yes,7,5,49.10405310258078
8,56,Yes,6,7,50.66283886134609
2,79,Yes,6,2,55.92378104922463
5,79,Yes,9,1,65.76718421830246
7,88,Yes,6,0,78.99463835604446
8,41,Yes,6,8,35.590240722343
4,98,Yes,9,4,82.84193978852423
9,87,No,7,3,84.1837209701602
6,51,No,5,2,37.782318907043134
1,55,Yes,7,1,28.91894067330015
6,42,No,8,6,30.869679732142863
6,97,No,5,4,85.00675217197218
2,60,No,4,9,36.3990672532736
2,61,No,5,1,36.321520801469134
6,68,Yes,4,5,55.789564761378934
3,48,Yes,7,0,27.31671162140871
9,92,Yes,4,2,88.21137568829936
1,93,No,8,5,68.28693846264846
8,65,Yes,8,4,60.20430130428799
4,45,No,9,1,27.699702088083924
9,87,No,7,7,84.97461489541249
1,50,No,4,6,22.76486013633901
1,49,No,5,7,22.43078213364339
4,86,No,4,2,67.20520487819928
9,73,No,7,0,69.33825034725922
4,70,Yes,9,2,53.94189246797458
3,51,Yes,9,2,31.738662822789514
1,90,No,5,6,63.97193774786116
4,83,No,4,9,65.53520492332757
9,55,No,8,8,53.081872210730126
6,42,No,9,7,31.55362317080165
3,97,No,9,0,77.57827129774896
4,64,No,7,1,46.06966955912631
5,74,No,8,4,60.19009663340661
9,74,Yes,6,5,71.45260010255059
4,61,No,6,4,43.12255572165658
9,76,Yes,5,2,72.40925258397449
9,74,No,4,8,70.47939976708109
4,84,No,9,7,68.58887918878439
1,59,Yes,6,0,32.30708300005901
5,81,No,4,4,65.37136689350464
4,43,No,6,7,25.391340221216414
8,97,Yes,6,3,91.61082403162465
3,55,Yes,5,2,33.86586875882431
2,43,Yes,7,8,20.947570005689997
3,77,Yes,6,1,56.55083694465399
8,54,No,4,4,46.46725475528932
1,76,No,7,3,50.098907039651614
7,55,No,7,3,45.88539032791653
6,86,No,9,5,75.95111962776957
5,46,Yes,7,9,32.78182458942007
8,73,Yes,4,7,66.99676344967965
2,40,No,8,1,16.401730405063645
5,71,No,8,0,56.34513838409108
2,97,No,4,4,73.07724317682144
9,44,Yes,9,7,42.76606369658155
4,69,No,7,2,51.35750024721144
6,55,No,8,3,43.51078802581099
3,41,No,5,8,20.205978603023695
6,80,Yes,5,5,68.49204201497759
5,50,Yes,8,3,36.15378942430498
1,79,No,7,4,53.350694845027924
2,68,Yes,7,9,46.59582952086333
5,54,Yes,6,8,40.24205268159657
7,95,No,9,6,88.1718583407236
5,51,Yes,8,8,38.16042827222476
4,64,Yes,9,4,48.22921078247426
1,71,Yes,8,1,45.69350369231643
7,57,Yes,8,6,49.59475447662759
6,46,No,4,7,33.19460914949073
9,84,No,7,4,81.32738012741004
4,45,Yes,4,8,27.246597535264193
7,53,No,6,6,43.95629793180122
1,43,No,7,7,17.29509340020835
6,55,No,8,6,44.10395846975021
3,90,Yes,4,5,69.6035696928222
4,58,Yes,7,1,40.55547177571715
9,43,No,7,4,39.58850103187919
1,90,No,4,6,63.48571779051545
2,80,Yes,4,1,55.771639094574546
2,88,No,4,8,64.70594412988405
3,49,No,4,1,26.479865807321755
8,54,Yes,5,4,47.547405577352336
7,43,Yes,4,1,32.40895706171763
9,50,No,9,3,47.489367554738415
9,50,No,6,5,46.42615464532743
9,47,No,8,9,45.135424161207915
3,90,Yes,8,6,71.74617300351812
3,83,No,8,0,62.8397511614415
6,83,Yes,4,7,71.45533334432125
2,89,No,9,0,66.57327750746242
3,53,Yes,8,1,33.09076226683955
8,41,Yes,9,1,35.66483622518862
2,81,No,9,2,58.82455293925327
3,75,Yes,9,4,56.56662437792152
3,59,No,4,2,36.85780370217894
4,98,No,5,1,79.70995865048485
9,45,Yes,6,8,42.523148747211906
8,87,Yes,8,4,82.60077301408504
5,75,No,7,5,60.919621598728384
4,84,No,4,6,65.96005592074276
1,81,Yes,4,9,55.51062612698229
6,74,Yes,8,1,63.05167931363595
2,67,No,5,5,43.2205433748479
7,67,No,9,3,59.07408753886089
1,50,Yes,8,5,25.105947349126097
6,75,No,7,7,64.17589082080579
7,41,Yes,4,2,30.570637660321882
6,59,No,5,9,47.310554807069934
8,41,No,9,1,35.070905360471315
4,50,Yes,6,9,33.506868138040744
1,71,No,7,8,45.99741723944493
6,94,No,6,5,82.63663128656773
3,61,Yes,8,7,42.42127468555328
8,56,No,7,4,49.961957510035276
8,75,No,8,9,70.77920225968016
1,91,Yes,9,7,67.72649336462881
4,53,No,7,1,34.87143370422779
3,97,Yes,4,2,76.13654933836386
3,48,No,6,9,28.016072131163355
5,51,Yes,7,1,36.29014394568753
6,95,Yes,6,7,84.6440305552656
6,43,No,7,1,30.4128638095862
4,96,Yes,8,9,81.30829435503506
7,64,Yes,9,0,56.02078363557574
5,44,Yes,9,2,30.334157252211156
3,46,Yes,7,4,26.071562663952182
5,78,Yes,8,3,64.65838978222848
4,98,Yes,4,9,81.39945740836104
9,81,Yes,9,5,80.03741006406861
2,58,Yes,6,1,34.347607299468926
7,82,Yes,6,9,74.66602103973565
7,42,No,8,3,33.1373315476549
9,57,No,4,4,52.382141338803805
6,59,No,8,2,47.38515030991556
3,68,No,6,6,47.783330514312354
2,94,No,7,5,71.67956220610841
8,62,Yes,8,3,56.952513498911685
6,70,No,5,7,58.11334369934231
6,60,No,7,3,48.11467527523733
4,41,No,4,9,22.778304386442315
6,43,No,8,6,31.887701173497277
6,96,Yes,6,4,85.06888155268079
8,46,No,6,0,38.50462921389315
1,58,No,4,6,30.909031667174308
4,83,Yes,7,7,67.19234869745586
4,40,No,5,4,21.257885495868244
7,58,Yes,4,1,47.67927868203379
8,84,No,7,3,78.26883438664571
4,53,No,6,7,35.57155463476052
7,83,Yes,5,5,74.40692859849207
2,78,Yes,8,2,55.87819952256164
7,96,Yes,8,2,88.50669676419733
2,83,Yes,6,0,59.600419852016124
2,40,No,9,2,17.085673843722432
4,71,No,9,7,55.35460045117705
5,47,Yes,8,7,33.89061902549405
3,57,Yes,7,2,36.87435155622455
5,84,Yes,4,7,69.6125325262244
9,68,No,9,3,65.81375349911781
8,71,Yes,8,7,66.90560039635368
7,87,Yes,9,7,80.8193411559187
8,97,Yes,5,7,91.91549799953123
8,49,No,9,8,44.599141260498115
5,73,Yes,9,3,60.05450253280215
4,56,Yes,9,9,41.07365665820434
8,67,Yes,5,9,61.770301721525044
7,77,No,9,8,70.24291935897035
8,89,No,5,3,82.38650167872633
1,94,Yes,5,1,67.64933697143074
7,41,No,6,5,31.542317154235214
7,88,No,7,6,80.07326833655131
8,60,No,7,9,55.022660682018284
2,43,Yes,4,0,17.907122283148276
9,83,Yes,4,8,80.23552360398809
3,73,No,6,7,53.07116120239748
8,48,No,9,3,42.592502412578334
4,46,No,9,1,28.717723529438334
5,69,Yes,9,7,56.77331069263679
6,83,Yes,6,6,72.23004977769959
9,54,Yes,6,7,51.48761823808852
2,95,Yes,9,6,74.46167790818463
7,84,No,4,3,73.94935225515731
1,92,Yes,6,7,67.28585493394608
3,58,No,4,7,36.82839966738989
4,79,No,6,6,61.84238862866213
6,80,Yes,9,1,69.64602791910812
3,54,No,5,0,31.858469490126446
8,85,Yes,8,9,81.55334753794158
9,90,Yes,4,9,87.55939717478205
9,94,Yes,6,9,92.60392285489111
7,74,Yes,8,2,66.11022505440029
4,42,No,8,9,25.74120565717957
8,49,Yes,6,3,42.745794846612924
8,51,Yes,9,0,45.64732715741965
1,52,No,9,1,26.24338539921103
9,63,No,4,8,59.28116391218256
2,96,No,9,3,74.29259804088251
2,55,No,4,7,30.913513083875404
1,71,Yes,4,1,43.748623862933584
2,76,No,7,1,52.56428233647673
2,95,Yes,7,5,73.29151451218013
7,86,No,6,0,76.36466460861834
1,51,No,8,3,25.134590963137054
4,99,No,4,9,81.82354798499814
9,40,No,8,2,36.62520970253553
2,61,Yes,7,6,38.87650898744324
8,81,Yes,5,0,74.24309056866913
1,45,Yes,4,5,18.070960312971202
8,59,No,5,3,51.84585843809401
3,60,No,7,7,40.32310242213585
6,45,Yes,8,3,33.92450447698418
6,67,No,5,4,54.46610893133985
3,88,No,9,0,68.41607832555925
5,90,No,8,0,75.68754576982488
3,80,Yes,8,0,60.37961770209557
8,83,Yes,6,6,77.95169429660211
6,58,Yes,9,3,47.64500317193723
5,71,No,5,5,55.875095918619316
4,84,No,8,8,68.30038271275176
9,88,No,6,7,85.50641637942118
7,87,Yes,4,7,78.38824136919015
3,62,No,5,2,40.398087983587885
2,71,Yes,4,2,46.807169603697915
2,53,Yes,6,8,30.64156446188839
6,60,No,6,3,47.62845531789162
2,40,Yes,5,6,16.52561880430919
8,94,No,9,1,89.02604175225508
8,91,No,6,9,86.09510540665931
3,50,No,5,8,29.368171575213392
7,75,Yes,4,1,64.98564318505878
7,93,Yes,6,3,84.67791600675574
1,65,No,4,5,37.83745827534211
6,47,Yes,8,4,36.158270841006086
3,58,No,8,1,37.5869386088943
4,69,No,5,7,51.37367773908538
1,97,Yes,6,4,71.78279169677892
5,67,No,9,9,54.53878390783681
4,92,No,4,8,74.4996744142042
7,57,No,9,3,48.89387312531677
5,85,No,6,1,69.82272212967449
1,55,No,5,4,27.94574033783064
6,57,Yes,6,7,45.95921578379799
7,94,No,4,0,83.5363962247622
9,56,No,5,7,52.443510298734324
6,89,Yes,8,4,78.91517137789134
5,70,No,8,2,55.72256390536282
1,56,No,4,9,29.466159228404702
6,97,Yes,8,1,86.4661724647874
1,84,No,6,8,58.74547601970656
6,47,No,9,5,36.24828341494756
6,77,Yes,4,2,64.35858728962941
6,62,Yes,8,5,51.626315942635316
8,71,No,9,1,65.61154860110364
5,88,No,6,6,73.86540386030308
3,78,No,8,2,58.14509091729559
6,84,Yes,8,4,73.82506417111928
1,42,No,8,9,17.158738878825794
1,52,No,7,6,26.259562891084975
8,85,Yes,6,1,78.99911977274556
8,45,No,5,6,38.18672870307148
1,86,Yes,5,4,60.098335884534684
4,92,Yes,4,7,74.89588179760842
8,46,No,6,0,38.50462921389315
4,69,Yes,5,1,50.78126771592425
2,60,Yes,5,9,37.479218075336625
2,44,No,4,1,18.528936341098444
7,90,No,4,8,81.04609830984914
2,69,Yes,5,7,46.24596408490018
5,75,No,9,3,61.49661455079365
5,94,No,8,3,80.35280197918175
7,52,Yes,8,6,44.50464726985554
5,53,No,9,5,39.495589803622764
6,76,Yes,9,9,67.15573000419508
8,52,No,6,2,45.00820482464577
9,97,Yes,9,3,95.93030616311304
4,83,No,4,1,63.95341707282298
6,46,Yes,4,5,33.3930930515819
8,87,Yes,4,5,80.85361666601526
8,46,Yes,8,7,41.4550643624934
6,89,Yes,6,5,78.14045494451298
6,59,Yes,7,4,47.888308179913295
3,77,No,7,3,56.83857299990854
9,79,Yes,8,6,77.71287070532715
7,71,No,5,5,61.59674043752183
1,78,No,9,9,54.2937307249303
4,61,Yes,4,0,41.95315274643018
7,90,Yes,7,2,81.91234815872515
9,41,Yes,5,2,36.77850213657011
7,92,No,4,7,82.8844177112449
9,82,No,5,8,79.10979125526208
3,62,No,4,6,40.702761951494466
7,93,No,9,0,84.94947457013635
9,53,No,6,7,49.87566593201681
6,75,No,4,2,61.728613542203284
2,89,No,4,7,65.52624208992538
4,81,Yes,5,4,63.5906954561164
2,67,No,9,6,45.36314668554382
4,55,Yes,5,8,37.91303190615401
5,54,No,8,6,40.225114768944536
3,79,Yes,9,2,60.243263180713015
7,89,No,4,6,79.63262990586858
4,70,Yes,9,1,53.744168986661506
6,42,Yes,6,8,30.8866176447949
4,87,Yes,9,2,71.24825697099956
9,72,Yes,5,2,68.33716681855684
6,65,No,8,1,53.29555547672895
2,55,Yes,6,3,31.688989938031842
4,55,Yes,5,5,37.31986146221479
7,59,No,9,4,51.12763948933867
4,93,No,6,5,75.8969653263108
2,40,Yes,4,8,16.434845809589625
8,81,No,4,3,73.75611019054534
7,43,No,4,2,32.0127496783134
5,54,No,8,8,40.62056173157068
8,90,Yes,7,7,85.76178782474177
7,47,No,8,1,37.83199179180081
4,99,No,6,8,82.59826441837649
1,66,No,8,2,40.20718910214015
1,70,Yes,8,9,46.25727010146661
2,69,No,5,4,45.05886277624365
2,54,No,8,8,32.03809495321691
8,40,No,9,8,35.436948288308415
1,92,Yes,6,7,67.28585493394608
6,55,Yes,4,4,42.357562542458524
6,77,Yes,8,4,66.6989140816384
9,49,No,9,3,46.471346113384
2,76,Yes,5,6,53.17439069306798
9,51,Yes,4,7,47.46111399933387
2,59,No,6,5,35.56259180135832
8,88,No,5,7,82.15937416262422
7,91,No,5,1,81.16627533935775
1,83,Yes,7,6,58.41215843778902
3,41,Yes,4,1,18.92962514120378
6,56,No,4,9,43.77027052566099
2,64,No,4,0,38.69164168687359
8,75,No,4,9,68.8343224302973
6,70,No,4,9,58.022570704622744
4,51,No,5,9,33.44473875733213
1,62,No,5,5,35.26961390862459
3,78,No,4,2,56.20021108791274
6,54,Yes,5,5,42.02348453976289
2,76,No,9,5,54.32761617642044
5,97,Yes,7,5,83.91002417324273
4,44,Yes,6,9,27.39873948991428
7,78,No,8,5,70.18155039903984
3,59,Yes,8,9,40.780678765470604
1,49,Yes,4,5,22.143046078388842
8,63,Yes,4,8,57.01427251744862
9,56,Yes,8,3,53.70520711023648
6,84,No,9,5,73.91507674506076
9,63,Yes,5,9,60.55903821555866
9,82,No,7,6,79.68678420732736
4,60,Yes,8,4,43.670905059710904
7,54,Yes,7,7,46.25219367653172
6,60,Yes,6,2,48.02466270129585
5,41,Yes,5,7,26.32383050533044
3,43,No,6,8,22.728241443078225
3,99,Yes,6,8,80.33137302364254
5,99,Yes,8,9,87.22318093854955
4,80,No,9,0,63.13272905417523
7,84,No,6,3,74.92179216984874
4,57,Yes,8,1,40.023670291708456
6,64,No,7,1,51.791314078028826
6,93,Yes,5,7,82.12176771521106
4,87,No,8,8,71.35444703681499
6,93,Yes,5,9,82.51721467783722
7,73,No,8,3,64.69599622964164
8,56,No,7,0,49.17106358478298
3,63,Yes,6,5,43.08943069094453
6,42,Yes,8,5,31.2658871155471
4,54,Yes,9,7,38.64216681286938
1,89,Yes,8,5,64.80878356194812
4,78,Yes,9,2,62.08606399880986
8,76,Yes,5,4,69.94387728714938
7,91,No,9,2,83.30887865005367
9,43,Yes,4,6,39.119218987185505
9,70,No,4,7,66.20959052035036
9,72,Yes,7,5,69.90277717718749
6,78,Yes,5,6,66.65372261358183
4,48,Yes,4,3,29.31204445276206
1,67,Yes,4,6,40.66515550408131
6,70,No,7,1,57.89944272615529
7,92,No,9,7,85.31551749797345
7,62,Yes,4,9,53.333152297956026
6,55,Yes,6,4,43.330002457149945
1,87,Yes,7,5,62.286520721893595
4,67,Yes,6,1,49.23144479056114
8,80,Yes,9,7,76.55401332588909
3,99,No,5,1,77.867157832388
6,52,No,6,4,39.682007268369404
6,84,Yes,4,7,72.47335478567565
4,92,No,8,8,76.44455424358705
1,95,No,6,9,70.14143535591815
5,70,Yes,8,0,55.92104780745398
4,74,Yes,4,9,56.966942815855184
1,69,Yes,7,2,43.36896433357497
8,92,Yes,4,5,85.94372387278732
2,89,No,8,1,66.28478103142977
9,87,No,5,9,84.39762194334722
2,82,Yes,6,6,59.768739298540154
3,49,No,4,7,27.666206695200195
4,80,No,5,0,61.18784922479239
5,51,No,7,1,35.696213080970224
2,60,Yes,9,1,37.84231005421488
2,88,No,8,8,66.65082395926689
6,75,No,8,9,65.05755774077764
5,72,No,7,3,57.470110312039
5,98,Yes,6,2,83.84865521331221
7,62,Yes,8,4,54.2894147207735
9,82,No,8,8,80.56845112729921
5,41,Yes,4,8,26.035334029297807
6,99,Yes,5,6,88.03217288202447
3,78,Yes,5,5,57.87353235391498
1,76,No,9,7,51.86224087959533
6,87,Yes,4,2,74.53880170317353
7,40,No,6,1,29.73340178762851
9,57,Yes,8,3,54.723228551590886
5,97,No,9,4,84.09080974190377
5,59,Yes,9,0,45.20903190990117
3,73,No,8,6,53.84587763577583
3,81,No,6,2,60.226715326667396
4,63,No,9,3,46.41953499508947
5,94,Yes,4,0,78.40868257057699
7,75,Yes,8,4,67.52369345838085
3,46,No,4,9,25.00758933376311
9,49,No,7,5,45.894353161318726
7,40,Yes,8,6,32.288389973602605
2,89,Yes,5,5,66.21094594936224
9,84,No,9,3,82.10209656078838
4,91,Yes,8,9,76.21818714826301
7,87,Yes,7,9,80.24234820385342
9,92,Yes,9,5,91.23564591896712
9,71,No,7,5,68.29082487111577
4,60,Yes,7,8,43.975579027617485
4,80,No,7,8,63.7420769899884
4,81,No,8,1,63.86225401949701
2,40,Yes,5,9,17.11878924824841
2,83,Yes,8,4,61.36375369195984
2,94,No,6,0,70.20472484219734
2,86,Yes,6,2,63.0499311387055
7,97,No,7,7,89.43318479005407
3,70,Yes,7,1,49.910906812518824
7,74,Yes,9,4,66.99189197437214
7,96,No,9,6,89.18987978207801
6,89,No,5,5,77.06030412244996
8,44,No,8,2,37.836473208501914
7,89,Yes,5,7,80.91050420924468
8,75,Yes,8,2,69.98906875520595
7,66,No,4,5,56.02041327340407
1,54,No,7,7,28.493329255106868
7,44,No,5,2,33.516991077013515
3,91,No,7,7,71.88176710412259
7,50,Yes,5,0,39.82360362723114
7,45,No,7,5,36.10062287699857
3,86,Yes,9,0,66.97396630756775
2,98,No,8,8,76.831038372811
6,66,No,9,8,56.18386124462058
1,90,No,7,7,65.14210114386566
6,69,No,5,5,56.69987529536175
1,74,No,4,0,46.01103384096644
2,81,No,9,4,59.21999990187942
9,76,Yes,6,5,73.48864298525942
9,71,Yes,5,0,66.92369841457628
6,74,Yes,8,6,64.04029672020133
3,71,No,4,5,49.66723144237109
8,62,No,4,3,54.41370280481153
2,72,Yes,9,8,51.442631719659325
1,64,Yes,8,0,38.36963012152248
8,63,Yes,8,3,57.97053494026609
4,78,No,4,6,59.851927272616294
9,85,Yes,5,0,81.17599859353804
1,52,No,5,8,25.682569939019704
9,62,No,9,1,59.310177888365196
3,75,No,6,9,55.50265104773245
6,55,No,4,6,42.15907864036736
3,55,Yes,8,5,35.917699074800666
3,81,No,8,8,62.38549612923726
2,94,Yes,6,8,72.38044355741923
8,95,No,7,6,90.06024068548345
7,50,No,6,8,41.297680570364136
9,51,No,7,1,47.139502118775255
6,67,Yes,5,0,54.26914587080487
4,40,No,6,2,21.34865849058781
4,95,No,9,8,79.98483852499598
8,82,No,9,5,77.60067838125445
9,63,Yes,9,6,61.910747601002285
1,86,No,6,9,60.979242383728455
7,64,Yes,6,9,56.34163509535627
5,99,No,4,7,84.28892328182326
8,68,No,5,1,60.61260444765756
4,56,No,6,9,39.0210659214499
7,99,No,6,6,90.78528423410411
8,83,No,4,4,75.98987655456723
7,99,Yes,4,3,89.81360474019078
9,75,Yes,7,9,73.74773542650301
7,91,Yes,4,9,82.85577409723393
6,90,No,6,3,78.16909855852394
3,42,No,9,4,22.377985948508652
6,52,No,4,4,38.70956735367798
3,40,Yes,7,3,19.76571053451265
8,87,No,7,6,81.91606915464816
9,89,Yes,9,3,87.78613463227775
7,93,Yes,6,4,84.87563948806881
6,70,No,8,1,58.385662683501
8,48,No,9,4,42.79022589389141
3,69,Yes,6,7,49.593006301697145
3,98,No,7,2,78.0192997870381
2,97,Yes,5,9,75.14601140544983
9,76,No,5,9,73.19938608844869
7,55,Yes,4,5,45.416108283222854
1,76,Yes,7,3,50.69283790436892
3,63,Yes,9,9,45.33898448823396
6,48,Yes,4,0,34.44051852772535
3,62,No,7,0,40.97508093565315
8,74,No,7,7,68.87951389835389
6,46,No,6,2,33.1784316576168
8,69,Yes,4,5,62.52923072163586
9,74,Yes,8,4,72.22731653592895
4,96,No,7,9,80.22814353297204
8,72,Yes,7,8,67.63512536167545
6,92,Yes,5,3,80.31285234860437
3,67,Yes,5,3,46.279849536390316
9,42,Yes,7,1,38.57124001130286
4,57,Yes,4,1,38.078790462325614
2,92,Yes,5,3,68.86956331079934
2,66,No,7,4,42.97723836687184
7,40,No,7,6,31.20823915153959
7,45,No,9,7,37.468509754316145
9,50,Yes,6,2,46.426915066105515
6,73,Yes,4,8,61.47284241209021
8,78,No,8,1,72.2514787332388
8,60,No,5,2,52.66615639813534
1,95,No,8,4,70.12525786404422
1,52,Yes,6,3,25.774103354517354
2,77,Yes,8,5,55.45334852514645
1,91,Yes,6,3,65.47693956733937
7,40,No,8,2,30.90356518363301
5,78,Yes,6,6,64.27912031147628
5,71,Yes,5,0,55.480409376771256
9,88,No,8,8,86.67657977542568
6,43,No,4,5,29.74509786280136
1,48,No,9,5,22.96219355904568
8,45,No,9,0,38.94526764457588
7,93,Yes,4,6,84.29864653600353
8,74,No,5,5,67.51162702103632
6,57,No,8,8,46.535448315085176
1,99,No,6,1,72.6317332708312
7,54,No,6,7,45.1720428544687
2,56,Yes,5,3,32.22079142204054
7,82,No,4,4,72.11103285376157
2,54,No,8,0,30.456307102712323
2,58,No,8,4,35.31928679338226
4,65,No,5,2,46.31297456710237
2,61,No,9,0,38.068677149538914
9,62,No,6,7,59.0378589042065
3,52,Yes,4,7,31.314201883980736
4,67,Yes,7,1,49.71766474790685
6,96,No,6,6,84.87039765058962
8,76,No,9,4,71.29482625181491
6,83,Yes,6,7,72.42777325901267
1,72,No,6,4,45.73832479820133
6,83,Yes,7,1,71.72765232847993
7,84,Yes,7,6,76.59511343585098
4,75,Yes,8,9,59.92984408659244
9,58,Yes,4,2,53.59864668224938
7,72,Yes,9,4,64.95584909166332
1,83,No,4,5,56.1618442197215
7,86,No,5,7,77.26250902046414
9,50,No,9,9,48.67570844261685
8,81,No,6,2,74.53082662392369
6,41,Yes,7,8,30.3548161607862
3,65,Yes,6,6,45.32319705496643
7,56,No,4,0,44.851581453294585
3,56,No,9,3,36.432562646157336
2,69,Yes,9,1,47.00450302640458
3,79,No,6,0,57.79522548133243
4,63,Yes,5,9,46.254926918302374
6,43,No,8,9,32.4808716174365
5,77,No,9,1,63.13721047087633
5,68,Yes,8,9,55.66451625656282
1,91,No,6,2,64.685285221309
4,45,No,9,9,29.281489938588514
7,85,No,6,7,76.73070753645544
2,52,Yes,4,5,28.057932661903333
6,70,No,7,4,58.49261317009451
2,87,Yes,7,3,64.7518960187187
1,94,Yes,6,3,68.5310038914026
7,52,No,8,5,43.712992923825155
9,46,No,8,5,43.3265087946012
2,78,No,8,4,55.679715620470475
1,78,No,7,8,53.1235673289258
6,97,Yes,5,4,85.60068303668949
3,81,No,6,6,61.017609251919694
2,44,Yes,5,1,19.60908716316147
7,40,Yes,8,9,32.881560417541834
1,77,No,6,5,51.02615548628646
2,54,Yes,4,7,30.4894225072383
7,69,No,6,1,59.25602358690642
5,71,No,5,8,56.46826636255854
8,53,No,5,2,45.54000630865447
5,67,Yes,6,1,52.092267050012396
5,63,No,5,5,47.73092438778403
2,68,Yes,9,6,46.97509899161554
4,73,No,7,9,56.813650381820594
2,69,No,8,3,46.319799166967705
1,55,Yes,7,4,29.512111117239368
4,42,No,4,9,23.796325827796725
8,97,No,9,7,93.26644696419675
9,83,Yes,7,3,80.70556606945986
5,64,No,7,3,49.32593878120372
1,80,No,6,3,53.68477284772354
1,83,No,5,3,56.25261721444107
3,43,Yes,6,1,21.938107938604027
1,46,Yes,5,0,18.58658430510596
7,85,Yes,8,0,76.91301394667266
8,48,No,8,2,41.908558973919554
6,59,No,8,0,46.98970334728941
4,40,Yes,8,5,23.508199713935763
8,93,Yes,5,1,86.65707134623514
1,66,No,8,2,40.20718910214015
9,60,Yes,8,1,57.38184591302797
6,63,Yes,9,3,52.735110378709294
7,74,Yes,5,7,65.64018258892852
7,60,No,5,8,50.99167502656253
1,99,Yes,9,3,75.0797709702118
9,52,Yes,7,7,49.93779531272541
1,46,No,8,1,19.649036793738844
2,63,Yes,7,6,40.91255187015206
5,82,No,5,2,66.4801613295786
2,52,No,6,1,27.645547786625155
7,78,No,5,0,67.73427312043734
3,91,Yes,6,7,71.98947801149419
7,61,Yes,8,0,52.480499354166795
6,51,Yes,9,3,40.51885308245636
3,97,No,7,1,76.80355486437061
7,83,Yes,5,9,75.19782252374436
3,98,Yes,7,4,79.00867761438155
6,66,Yes,4,9,54.54441580392241
7,62,Yes,8,0,53.49852079552121
3,69,No,6,2,48.01045803041447
7,74,No,8,1,65.3185707083699
7,64,Yes,4,8,55.17147169935177
7,71,No,4,1,60.31962655492382
9,63,No,7,9,60.93754726553277
7,75,Yes,6,1,65.9580830997502
2,81,Yes,4,9,58.37144838643354
6,70,No,9,2,59.06960612215978
2,71,No,6,7,48.1742960602374
3,59,Yes,6,3,38.621897962900746
8,98,Yes,8,2,93.4035619063574
4,79,No,8,5,62.61710506204048
6,57,Yes,6,5,45.56376882117184
2,85,Yes,9,5,64.08374001332744
7,74,No,9,8,67.18885503490714
7,42,No,6,3,32.164891632963474
7,43,Yes,9,6,35.82867425501155
1,44,No,4,8,17.052178450838696
6,68,No,9,7,58.02218064601633
6,41,No,8,5,29.65393480947538
8,66,No,7,2,59.74672496095323
8,72,No,4,6,65.18708766229486
8,60,No,5,3,52.86387987944842
9,70,No,9,3,67.84979638182664
8,92,No,7,5,86.80845288010714
4,88,Yes,4,6,70.62607255087771
2,64,No,6,3,40.25725204550423
2,44,Yes,4,0,18.925143724502682
2,59,Yes,6,2,35.563352222136416
1,68,No,7,8,42.943352915381695
2,48,Yes,6,2,24.365116367237892
4,67,No,7,8,50.50779825238106
2,66,No,4,5,41.716301976147776
8,47,Yes,8,6,42.27536232253474
7,67,No,8,3,58.58786758151517
8,87,No,5,3,80.35045879601752
5,69,No,7,6,55.009216431914986
6,61,Yes,6,1,48.84496066133719
2,59,No,8,3,36.139584753423605
5,42,No,6,2,26.24552363274789
6,44,No,5,1,30.458445336249184
7,65,No,8,3,56.55182469880635
8,96,Yes,8,5,91.9606894675878
7,52,Yes,6,9,44.12537779910333
5,54,No,4,9,38.87340538350091
6,65,No,4,0,51.15295216603303
4,87,Yes,8,9,72.14610138284537
5,48,No,5,3,32.06515580484172
8,82,No,8,5,77.11445842390874
8,45,Yes,9,9,41.31870984111085
3,42,No,8,9,22.88038339772831
5,53,No,7,0,37.534532482365975
8,63,No,5,8,56.90656161007702
3,83,Yes,9,1,64.11762546481759
9,54,Yes,7,3,51.18294427018194
6,76,Yes,4,3,63.538289329588075
6,83,Yes,6,9,72.82322022163882
2,42,Yes,6,8,19.443328606989873
4,73,No,7,4,55.825032975255226
3,92,No,8,0,72.0019441336312
9,78,Yes,6,7,75.92013283059438
2,82,No,9,2,59.84257438060769
2,85,Yes,4,7,62.048087189225036
9,71,No,4,6,67.0298884803917
4,82,No,6,6,64.89645295272535
4,87,No,5,2,68.70944627689941
2,96,No,8,2,73.60865460222374
1,86,Yes,5,0,59.307441959282386
8,79,Yes,8,6,74.8520484458759
6,42,No,4,9,29.51797034669924
1,85,Yes,7,8,60.84364828312398
9,50,No,5,8,46.533105131920934
8,61,No,6,9,55.55446216602698
8,61,Yes,9,3,56.42071201490298
2,57,Yes,7,5,34.60669974071252
9,95,Yes,4,5,91.8586104563018
8,84,No,4,6,77.40334495854779
7,90,Yes,8,9,83.78263248526237
4,48,Yes,7,8,31.75932173136456
5,62,No,5,9,47.503796871681914
2,63,Yes,6,9,41.01950235674557
3,79,Yes,4,9,59.196227763175976
7,46,No,9,8,38.68425467698363
9,56,Yes,5,9,53.432888126077785
5,94,No,5,9,80.08048299502306
2,41,No,6,5,17.238205856978922
5,74,Yes,4,2,58.443700706114925
7,67,No,5,8,58.117825116043406
9,58,Yes,7,2,55.05730655428651
7,77,No,7,6,68.8750324816528
1,94,Yes,8,4,69.7011672874071
5,74,Yes,7,1,59.70463709683899
9,57,No,7,1,53.24763076690172
4,50,Yes,9,3,33.77918712219943
2,49,Yes,6,0,24.987690845966153
1,56,Yes,8,9,32.004969922504856
1,65,No,8,9,40.57323202997725
1,70,Yes,4,0,42.5328789402661
4,71,Yes,5,1,52.81731059863307
6,60,Yes,9,1,49.28559909201991
1,99,Yes,4,3,72.64867118348323
7,57,No,8,9,49.59399405584951
6,54,No,9,7,43.76988046705458
8,40,No,7,7,34.26678489230392
5,90,No,5,5,75.21750330435312
6,81,No,4,7,68.82535959689511
7,84,No,7,0,74.81484168325522
7,85,No,9,5,77.79392044586642
1,50,Yes,4,2,22.567897075804034
3,63,No,4,2,40.92988946759658
6,91,Yes,9,1,80.84426377400665
1,73,Yes,9,1,48.215766532370964
7,43,Yes,4,3,32.80440402434378
5,49,Yes,5,0,33.083937666974215
6,41,Yes,7,8,30.3548161607862
4,77,Yes,6,5,60.20255312935754
6,67,No,6,7,55.545499332624786
4,40,No,9,4,23.202765325251093
4,48,No,7,7,30.96766738533418
3,44,No,6,9,23.94398636574571
8,81,Yes,5,1,74.44081404998221
3,97,Yes,7,1,77.39748572908792
2,60,No,6,6,36.778336724025806
8,47,No,6,7,40.90671502443908
3,56,No,4,5,34.39690982205492
1,88,Yes,7,4,63.106818681934925
5,79,No,9,8,66.55731772277667
1,46,No,8,5,20.439930718991143
7,46,No,7,8,37.71181476229221
6,54,No,7,2,41.80882314579779
7,46,No,5,0,35.15758699709619
4,86,No,8,4,69.54553167020828
6,61,No,6,0,48.053306315306806
3,89,No,9,3,70.02727021085289
6,55,Yes,7,0,43.025328489243364
8,77,Yes,7,9,72.92295604976057
9,77,No,4,4,72.74257016589202
7,80,No,8,0,71.2289758751833
2,98,Yes,6,7,76.2548058415238
2,43,Yes,7,8,20.947570005689997
2,61,No,8,7,38.96652156138471
2,97,Yes,7,9,76.11845132014125
6,76,No,9,9,66.56179913947777
4,61,Yes,8,0,43.89803257581302
3,52,No,6,7,31.69271093395485
5,76,Yes,8,5,63.01779386214581
6,76,Yes,4,0,62.94511888564885
4,84,No,8,6,67.9049357501256
4,79,No,5,2,60.56527474606412
5,84,No,9,2,70.46108404167028
8,92,No,5,7,86.23145992804186
9,79,Yes,6,9,77.33360123457494
4,94,No,5,9,77.21966073557181
4,48,No,4,6,29.31128403198397
1,71,Yes,6,7,45.90740466550345
3,90,Yes,9,9,72.82556340480305
1,91,Yes,5,6,65.58389005393289
9,88,Yes,6,2,85.11172983757314
4,69,Yes,8,6,53.22854499452675
2,97,No,7,0,73.74500912360628
4,42,Yes,9,2,25.437292110051075
6,90,Yes,5,0,77.68363902195631
7,97,No,9,9,90.80107166737164
9,65,No,8,8,63.26208662427423
5,69,No,5,4,53.64132955459742
8,96,No,7,0,89.89192123895941
3,57,Yes,5,7,36.8905290480985
8,95,No,9,2,90.24178667492257
5,42,Yes,7,3,27.523397936123985
3,79,Yes,5,5,58.891553795269395
9,68,No,5,2,63.67115018842189
9,90,No,8,2,87.52628177025606
7,64,Yes,7,0,55.04834372088432
6,53,Yes,6,9,42.28257698100649
2,77,Yes,6,7,54.87635557308118
9,47,Yes,8,7,45.33390806329907
1,75,No,5,3,48.10844568360578
4,55,Yes,6,3,37.41063445693436
1,53,Yes,6,1,26.396677833245615
2,64,No,7,1,40.348025040223796
7,43,No,4,4,32.40819664093954
1,96,No,8,3,70.94555582408555
2,60,Yes,5,4,36.49060066877126
2,83,Yes,9,7,62.44314409324477
5,64,No,8,8,50.800776145114796
7,49,Yes,4,5,39.30797963509639
8,91,No,8,4,86.07892791478537
1,68,No,4,4,40.693799118092265
7,49,Yes,8,9,42.04375338973153
2,88,Yes,5,6,65.39064798932091
3,61,Yes,6,3,40.65794084560956
7,65,Yes,6,7,56.96420957408453
9,48,No,5,3,43.50844484264675
4,70,No,5,4,51.79852873650057
2,63,Yes,5,8,40.33555891808679
6,48,No,7,4,36.096141460297474
6,62,Yes,4,8,50.27460655719169
5,75,Yes,9,6,62.68371585945019
6,93,Yes,5,5,81.72632075258491
8,67,No,7,9,62.14881077149916
8,96,No,8,3,90.97131164024435
5,81,No,7,9,67.81864417210714
7,81,Yes,9,6,74.51348902647916
6,56,Yes,7,0,44.04334993059777
6,63,No,9,9,53.32752040187042
5,54,Yes,6,2,39.05571179371813
9,83,No,7,3,80.11163520474256
6,59,Yes,6,5,47.59981170388066
9,43,No,7,7,40.18167147581841
9,44,Yes,4,4,39.74179346591377
9,92,Yes,9,4,91.03792243765406
3,47,No,7,3,26.29792975927622
1,61,Yes,7,6,36.01568672799198
8,81,Yes,9,4,76.97886432330428
5,61,No,4,7,45.604108510355644
7,49,No,9,0,40.156531150542264
6,54,No,4,7,41.338780680326025
6,47,Yes,8,4,36.158270841006086
5,70,No,7,8,56.422684835895545
7,61,No,8,5,52.875185896014855
4,47,No,4,8,28.68870955325571
7,43,No,8,2,33.95762950769624
8,69,No,6,0,61.91912236504461
1,57,No,6,3,30.2702796965721
1,92,Yes,4,6,66.11569153794159
1,68,No,8,1,42.04550850353589
6,83,No,5,0,69.96355806775813
8,46,Yes,8,8,41.65278784380648
3,90,No,5,9,70.2867527107029
8,95,No,9,4,90.63723363754872
4,63,No,4,8,44.97705261492628
2,58,No,9,7,36.398677194667194
9,98,Yes,7,4,96.1736111710891
2,89,No,6,9,66.89412896724295
7,95,Yes,6,5,87.1094058520907
7,67,Yes,7,6,59.28874893282599
1,80,Yes,5,4,53.99020723640822
5,93,No,4,2,77.19217722713142
8,73,No,5,4,66.29588209836884
1,49,No,7,9,23.798669010960964
5,80,No,8,9,67.28684268809845
6,65,No,7,7,53.995676407261676
8,69,Yes,9,4,64.76260702705135
5,59,Yes,9,0,45.20903190990117
4,47,Yes,9,8,31.713740204701573
4,99,Yes,6,1,81.80813091390229
5,54,Yes,6,6,39.84660571897042
7,44,No,6,6,34.794104959611516
6,74,No,6,9,63.06709638473181
5,96,No,4,1,80.04851806988158
9,78,No,9,3,75.99396791266192
3,73,Yes,4,6,52.494928671110294
4,99,No,9,5,83.4637538464744
7,54,Yes,8,6,46.54069015256436
1,95,Yes,6,6,70.14219577669624
9,40,No,9,3,37.3091531411943
1,67,No,9,4,42.10687746346641
9,40,Yes,5,3,35.95820417652877
9,90,No,7,3,87.23778529422341
9,80,No,7,8,78.04618828724469
7,51,No,4,0,39.76147424652253
6,44,Yes,8,0,32.313312591690554
2,53,No,6,5,29.45446315323186
9,87,Yes,8,5,85.65931875484937
8,75,Yes,6,1,68.81890535920145
2,54,Yes,8,1,31.247961448742704
6,58,Yes,9,8,48.6336205785026
1,44,No,5,5,16.94522796424519
2,82,No,9,2,59.84257438060769
3,78,No,9,3,58.82903435595437
9,44,No,9,9,42.56757979449039
9,91,No,7,0,87.66263629163862
3,75,No,7,4,55.00025359851279
3,57,Yes,5,6,36.692805566785424
9,68,No,8,2,65.12981006045902
5,44,Yes,5,3,28.587000904141384
7,64,Yes,6,8,56.14391161404319
9,49,Yes,8,9,47.76539790863404
7,63,No,9,6,55.59517221738246
2,89,Yes,4,3,65.32927902939039
5,60,No,9,0,45.63312248653827
6,64,No,5,5,51.609768088589696
2,86,No,6,5,63.04917071792742
9,83,Yes,6,5,80.61479307474029
8,89,Yes,8,2,84.24136893416771
8,62,Yes,6,1,55.58462662159411
3,52,No,7,4,31.58576044736134
7,70,Yes,4,4,60.488706422225945
1,80,No,9,0,54.55026227582146
5,95,No,8,8,82.35944082710154
5,89,No,6,0,73.69708441377905
1,77,Yes,7,4,51.90858282703641
7,61,No,8,0,51.88656848944949
1,54,No,9,6,29.26804568848522
1,42,Yes,8,9,17.75266974354311
6,93,Yes,8,1,82.39408669936975
6,45,No,8,2,33.132850130953805
6,65,Yes,5,4,53.02399691334834
3,40,No,8,8,20.646617033706413
6,58,No,7,4,46.27635587384158
3,46,No,7,7,26.070802243174096
8,59,No,8,7,54.095412235383435
5,69,Yes,6,3,54.52375689534737
7,70,No,9,4,62.32587534423719
9,57,No,4,1,51.78897089486458
4,80,Yes,5,1,61.97950357082277
3,40,Yes,7,9,20.952051422391094
3,98,No,6,5,78.1262502736316
3,61,Yes,8,6,42.22355120424021
7,55,No,4,3,44.4267304558794
9,41,No,6,9,38.05485559839002
1,94,Yes,9,9,71.17600465131818
2,65,Yes,9,5,43.72331118623923
8,44,No,7,8,38.536594139034634
3,73,No,8,1,52.85726022921046
8,89,Yes,6,0,82.87348205685014
6,64,Yes,8,8,54.25552926928336
9,87,Yes,7,2,84.57992835356443
5,93,Yes,4,9,79.17017246104024
5,69,Yes,8,5,55.891643772664935
8,90,Yes,4,1,83.1167870648262
7,90,Yes,6,8,82.61246908925787
2,69,Yes,5,2,45.25734667833481
5,50,No,7,3,35.073638602241964
5,53,No,7,9,39.314043814183634
2,55,No,9,1,32.15827198272552
8,89,Yes,4,6,83.08738303003715
3,43,Yes,6,5,22.72900186385632
9,93,No,8,9,91.9644104635108
8,53,Yes,8,0,47.19715008278276
2,44,No,5,0,18.817432817131078
5,70,No,5,6,55.05479795857798
2,94,No,9,5,72.65200212079984
1,49,No,6,8,23.11472557230218
1,66,Yes,5,9,40.72652446401183
3,55,No,9,0,34.8213707608637
5,69,No,9,9,56.57482679054563
9,60,No,8,8,58.17197941750218
3,84,No,9,0,64.34399256014161
5,98,Yes,6,5,84.44182565725143
5,93,No,7,5,79.24400754310778
8,93,No,4,6,86.56553793073749
8,69,No,7,0,62.40534232239032
8,65,No,8,7,60.2035408835099
2,68,No,6,4,44.52706129223495
7,64,Yes,8,6,56.720904566108466
9,65,No,7,8,62.77586666692852
2,76,No,6,1,52.07806237913101
2,73,No,7,8,50.89428238160501
9,42,No,5,9,38.58665708239872
4,97,Yes,9,3,81.62619486585675
3,93,Yes,9,1,74.2978398783617
5,44,Yes,7,5,29.954887781458954
2,88,Yes,8,5,66.65158438004497
9,47,Yes,4,2,42.40041082735086
3,80,No,8,8,61.36747468788285
2,52,Yes,8,2,29.40964204734696
9,95,No,5,6,91.94862303024328
4,58,No,6,0,39.27759747234106
3,67,Yes,5,1,45.88440257376417
1,71,Yes,6,0,44.523340296311936
2,93,No,8,4,70.95003724078664
4,42,Yes,7,2,24.464852195359654
9,71,Yes,8,9,70.16186961843108
8,47,No,6,2,39.91809761787372
4,53,No,6,8,35.76927811607359
9,95,No,6,0,91.24850209971055
3,68,No,9,0,48.05564949847104
7,81,No,6,8,72.85634525235088
5,97,No,6,4,82.63214986986664
6,57,Yes,8,6,46.73393221717634
2,42,No,8,8,19.82183765696398
2,77,No,5,7,53.79620475101815
4,48,No,6,8,30.679170909301543
6,79,Yes,4,2,66.39463017233824
5,82,Yes,4,7,67.57648964351557
4,47,Yes,7,0,29.159512439505562
6,88,Yes,7,6,77.80637694181736
7,68,No,6,9,59.8197899960566
2,40,No,5,1,14.943070533026507
5,60,No,8,4,45.93779645444486
2,48,Yes,6,7,25.35373377380326
7,95,No,7,2,86.40852450077989
9,81,No,6,8,78.57798977125339
5,61,Yes,6,1,45.98413840188593
7,48,Yes,6,3,38.86695114580725
9,47,Yes,4,0,42.004963864724715
9,81,Yes,7,9,79.85586407462948
2,75,Yes,8,2,52.82413519849841
8,83,Yes,4,0,75.79291349403225
3,76,Yes,7,4,56.61220590458451
1,69,No,8,5,43.8544238701426
6,64,No,6,3,51.70054108330926
2,80,No,9,2,57.80653149789887
7,48,No,8,9,40.431801083659806
1,41,No,7,3,14.468156592247233
6,43,No,5,5,30.23131782014707
6,53,Yes,4,4,40.3215196597497
8,52,No,4,1,43.838041428641276
8,63,No,9,0,57.26965358895528
6,71,No,9,8,61.27396845139263
1,96,No,8,0,70.35238538014633
8,92,No,5,5,85.83601296541572
5,70,No,5,3,54.46162751463876
3,51,No,5,7,30.188469535254725
2,64,Yes,6,9,42.03752379809998
6,86,Yes,4,2,73.52078026181911
4,90,Yes,8,3,74.01382481903016
1,47,Yes,9,3,22.142656019782436
8,82,Yes,9,6,78.39233272728484
2,45,Yes,6,3,21.50877552448774
7,82,Yes,9,7,75.72923394914665
4,92,No,4,8,74.4996744142042
9,77,No,7,0,73.41033611267687
6,76,No,6,4,64.11452186087527
3,41,Yes,6,1,19.9020650558952
3,74,No,9,5,55.152395553162876
7,85,Yes,7,5,77.4154113958923
7,92,Yes,8,0,84.03916403615354
3,87,No,9,5,68.38667429077022
9,46,Yes,4,4,41.77783634862259
8,61,No,4,6,53.98885180739634
4,71,Yes,8,9,55.85775832117479
3,98,Yes,8,3,79.29717409041419
5,66,No,5,3,50.38954174922111
6,99,Yes,8,5,89.29310927274852
3,83,No,5,5,62.36970869596973
5,90,Yes,5,9,76.60232809432273
2,81,Yes,5,9,58.85766834377925
2,48,No,9,9,26.613909743749232
9,73,No,7,0,69.33825034725922
1,48,Yes,6,9,22.888358476978155
2,54,No,5,7,30.381711599866705
5,47,No,8,4,32.70351771683752
6,97,No,7,0,85.18829816141131
8,58,No,9,6,53.36588727006166
1,81,No,5,2,54.01885085041917
8,47,No,7,7,41.3929349817848
8,57,Yes,6,0,50.29679593350899
9,74,No,9,9,73.10822303512272
7,67,No,9,9,60.260428426739324
5,85,Yes,6,1,70.4166529943918
4,86,No,6,9,69.56170916208222
8,93,No,5,8,87.44720485070934
1,90,No,7,5,64.7466541812395
1,64,No,8,5,38.76431666337054
5,96,Yes,5,7,82.31500977982304
5,42,Yes,6,3,27.03717797877827
9,89,Yes,5,3,85.8412548028949
4,99,No,4,9,81.82354798499814
3,74,Yes,9,6,55.94404989919326
4,58,Yes,4,5,39.88770582893231
7,90,Yes,7,5,82.50551860266437
8,82,No,8,3,76.71901146128259
1,85,No,9,6,60.82671037047196
7,47,No,5,3,36.768778882389825
9,46,Yes,8,3,43.524992696692365
7,40,Yes,6,4,30.92050309628504
9,64,No,9,7,62.53256165895246
1,72,Yes,4,1,44.766645304288
1,44,No,9,1,18.09921386837574
4,44,No,5,6,25.725418223912037
9,56,Yes,7,4,53.41671063420384
7,92,No,9,9,85.7109644605996
7,97,No,8,4,89.32623430346057
5,47,No,8,1,32.110347272898295
6,73,Yes,7,9,63.12922576544042
5,79,No,8,0,64.48930991492637
9,40,Yes,5,0,35.36503373258955
3,68,No,6,7,47.98105399562542
3,75,No,4,2,53.146146763849515
7,76,Yes,6,8,68.36016891029612
6,68,No,4,5,55.195633896661626
3,44,No,6,3,22.75764547786727
5,71,Yes,4,6,56.18053030730398
2,91,Yes,7,1,68.4285348215102
6,63,No,9,8,53.129796920557354
8,58,No,8,1,51.891049906150585
1,51,No,8,7,25.925484888389345
7,73,Yes,6,8,65.30610458623289
2,46,No,4,0,20.367255742494187
3,42,Yes,5,6,21.422483946469264
8,77,No,7,6,71.73585474110405
9,89,No,6,3,85.7335438955233
4,89,Yes,6,2,71.82563998167126
7,93,Yes,5,4,84.3894195307231
9,44,No,4,0,38.356968675944174
7,69,No,7,1,59.74224354425213
4,65,No,4,7,46.81537201632203
3,93,Yes,6,5,73.63007393157686
2,86,No,6,2,62.456000273988195
6,60,Yes,7,6,49.301776583893854
9,43,No,4,6,38.5252881224682
8,40,No,8,3,33.96211092439734
4,56,No,6,6,38.427895477510674
6,90,Yes,5,2,78.07908598458246
9,98,No,8,5,96.26362374503057
5,73,No,8,6,59.56752215467834
9,84,Yes,6,2,81.03964407215548
6,45,No,4,2,31.18797030157096
7,46,No,7,4,36.9209208370399
2,52,Yes,4,1,27.26703873665104
2,90,Yes,7,0,67.21278989884271
6,56,Yes,7,1,44.24107341191085
6,76,Yes,9,6,66.56255956025585
2,95,No,6,8,72.80453413405634
1,93,Yes,5,3,67.02676249270249
4,63,Yes,8,5,46.922692865087214
9,92,No,7,0,88.68065773299303
4,84,Yes,6,4,67.13097973752534
1,62,Yes,5,0,34.87492736677653
8,42,No,8,8,36.98677121367153
3,54,Yes,6,6,34.12496120006791
6,88,Yes,6,4,76.9247100218455
7,97,Yes,5,9,89.45012270270612
7,45,No,4,6,34.83968648627451
8,62,No,5,1,54.50447579953109
9,83,Yes,6,8,81.2079635186795
3,84,No,8,3,64.45094304673512
4,93,Yes,6,9,77.2817901162804
9,84,No,8,5,82.01132356606882
7,42,Yes,6,8,33.74743990424615
1,42,Yes,5,8,16.0962863901929
9,99,Yes,8,1,97.08468212585
1,54,Yes,5,1,26.92847931725431
7,47,No,7,6,38.33438924102046
8,92,No,5,0,84.84739555885035
9,92,No,8,6,90.35321857821717
6,57,No,4,0,43.008780635197745
7,69,Yes,8,8,62.20645873550667
6,42,No,7,8,30.778906737423302
9,45,Yes,4,9,41.748432313833554
7,77,Yes,7,4,69.07351638374395
1,82,Yes,4,4,55.54003016177133
1,57,Yes,6,6,31.457381005228626
5,95,No,6,4,80.59610698715781
3,66,Yes,6,9,46.93438894026006
2,79,Yes,4,5,55.544511578472424
5,68,Yes,6,2,53.30801197267988
2,94,No,4,5,70.22090233407128
6,85,Yes,4,0,72.10731185783855
5,66,Yes,5,4,51.181196095251494
6,72,Yes,5,1,59.55697655889
4,72,No,6,4,54.32079157655511
5,83,No,6,5,68.57757317221795
7,40,Yes,7,9,32.395340460196124
5,89,Yes,7,1,74.97495871715515
8,73,No,9,7,68.8339323716909
9,64,Yes,6,3,60.87693872638034
3,54,Yes,6,6,34.12496120006791
1,82,Yes,9,6,58.36657691112603
8,89,No,8,7,84.63605547601576
1,94,Yes,6,4,68.72872737271568
9,98,Yes,9,3,96.94832760446744
6,89,No,7,7,78.42819099976754
9,91,Yes,5,3,87.87729768560374
5,49,Yes,4,5,33.58633511619387
6,60,Yes,9,3,49.68104605464606
9,54,No,8,1,50.6797864001842
9,95,Yes,5,0,91.35621300708215
6,44,No,9,0,32.20560168431896
6,64,Yes,4,3,51.32203203333515
6,95,Yes,8,4,85.02330002601781
2,61,Yes,9,0,38.66260801425622
7,64,Yes,7,0,55.04834372088432
1,48,No,4,0,19.542476365751753
9,66,Yes,5,3,62.42676165174345
3,58,No,5,8,37.512343106048675
3,77,No,8,6,57.91796340119347
4,54,Yes,6,8,37.38123042214531
2,84,Yes,4,8,61.2277892291837
7,44,No,6,7,34.99182844092459
2,63,Yes,5,0,38.75377106758219
2,94,Yes,8,0,71.77109562160607
5,98,No,6,1,83.05700086728183
8,67,Yes,4,3,60.09774087630089
8,51,Yes,4,6,44.40256825856954
6,77,Yes,8,9,67.68753148820377
1,83,Yes,9,0,58.198257464602
7,99,No,8,7,91.95544763010861
3,84,No,9,3,64.93716300408084
2,75,No,9,9,54.10048866031833
1,45,No,9,6,20.105852716295516
8,77,No,8,5,72.02435121713668
2,98,No,8,7,76.63331489149792
1,46,No,4,7,18.890497852234446
4,95,No,5,6,77.64451173298698
4,62,No,7,4,44.62679712035671
8,91,Yes,4,6,85.12342591274597
9,54,No,9,3,51.561453320156055
7,57,No,5,2,46.751269814620855
5,59,Yes,6,8,45.33215988836862
1,85,No,9,6,60.82671037047196
8,88,No,7,2,82.14319667075027
4,71,No,5,5,53.014273659168055
2,93,No,7,4,70.46381728344093
2,60,Yes,8,7,38.54243098474761
1,96,No,9,5,71.8272227440574
3,88,No,9,0,68.41607832555925
9,69,Yes,4,4,65.19232949977405
9,93,Yes,8,3,91.37200044034968
5,98,No,8,5,84.82033470722554
6,64,No,9,9,54.34554184322484
7,77,No,8,3,68.76808199505928
8,91,No,9,5,86.76287135344415
9,96,No,7,0,92.75274349841067
9,96,No,7,8,94.33453134891525
6,54,Yes,8,1,42.69125048654773
7,91,No,9,3,83.50660213136675
2,83,Yes,6,2,59.99586681464227
9,74,Yes,8,2,71.8318695733028
4,91,No,4,9,73.67937645416286
4,40,Yes,6,7,22.93120676187049
5,73,No,6,0,57.40874135210848
3,52,Yes,5,7,31.800421841326447
8,97,Yes,5,2,90.92688059296586
5,48,No,8,8,34.51243308344422
2,89,Yes,9,4,67.95810229743202
1,49,No,7,3,22.61232812308252
4,95,Yes,6,4,78.32921559242386
2,87,No,6,9,64.85808608453412
1,48,No,8,2,21.882803157760748
7,92,Yes,4,0,82.09428420677068
1,42,No,4,7,14.818412086816807
2,69,No,8,8,47.30841657353307
1,83,No,7,4,57.422780610445564
1,49,Yes,9,9,25.365039790369693
4,57,No,4,3,37.880306560234445
9,85,Yes,4,0,80.68977863619233
9,57,Yes,7,2,54.039285112932106
2,73,Yes,5,6,50.120326369004744
2,62,No,5,1,37.339542242823555
2,92,No,8,5,70.1297392807453
5,40,No,6,5,24.80265119397829
8,77,No,8,9,72.81524514238897
5,78,Yes,4,1,62.318062990219495
5,46,Yes,7,8,32.58410110810699
2,57,No,6,1,32.735654993397205
9,43,No,4,7,38.72301160378127
4,91,No,6,7,74.25636940622813
6,48,Yes,6,6,36.59929933029521
7,47,Yes,9,6,39.900760020429196
8,57,No,6,1,49.90058855010475
8,81,No,4,5,74.15155715317148
6,85,Yes,7,0,73.56597172987568
3,65,No,5,8,44.638493195529556
9,79,No,9,2,76.81426587270326
2,61,No,5,6,37.3101382080345
3,83,Yes,4,8,63.07059004728055
5,86,Yes,7,6,72.90951179965728
2,60,No,4,3,35.21272636539517
8,87,Yes,9,1,82.49382252749152
5,65,Yes,6,5,50.847118092555874
1,75,Yes,8,2,49.96331293904715
3,54,No,7,6,34.01725029269631
8,99,Yes,6,3,93.64686691433346
6,70,Yes,7,3,58.888820553498746
1,86,Yes,7,3,60.873052317913036
4,73,No,4,8,55.157267028470386
1,41,No,4,3,13.009496720210095
3,81,No,6,3,60.42443880798047
5,69,No,8,1,54.506818982695336
5,47,No,4,7,31.35180833139389
4,91,Yes,4,3,73.08696643100173
3,46,No,7,4,25.477631799234874
5,51,No,7,7,36.88255396884867
4,97,No,6,3,79.5736041291023
8,58,Yes,7,4,52.591931257461404
8,67,Yes,9,5,62.924287625655595
5,53,No,9,2,38.90241935968355
4,53,Yes,9,8,37.82186885282803
3,45,Yes,7,4,25.053541222597776
2,53,No,4,4,28.284299757227362
9,52,Yes,5,4,48.37218495409478
1,66,Yes,6,3,40.026403533479105
1,74,Yes,8,0,48.54984453506659
2,41,No,9,5,18.69686572901606
3,87,No,6,3,66.53256745610693
9,40,No,4,0,34.284882910526534
6,77,No,7,0,64.8278693343231
4,90,No,5,9,73.14757497015415
8,84,No,9,5,79.63672126396327
9,63,No,9,7,61.51454021759805
7,49,No,6,0,38.69787127850513
3,74,Yes,8,7,55.65555342316062
6,46,No,5,3,32.88993518158415
2,74,No,6,2,50.23974297773527
7,56,Yes,7,8,48.485960040553614
5,54,No,9,4,40.3158877636641
8,51,No,7,8,45.662744228515514
3,62,Yes,6,6,42.269132730903195
7,65,Yes,4,8,56.18949314070618
9,44,Yes,5,6,40.623460385885636
7,70,No,4,8,60.68566948276093
7,93,No,6,8,85.0726025486038
5,45,Yes,7,4,30.77518574150029
6,84,Yes,9,2,73.91583716583884
4,47,Yes,9,9,31.911463686014645
7,87,Yes,4,7,78.38824136919015
9,96,Yes,7,4,94.13756828838028
5,54,No,5,3,38.17328445296818
9,43,Yes,8,6,41.064098816568354
9,76,Yes,4,0,71.52758566400263
3,49,No,6,0,27.254582240700103
9,45,Yes,7,4,42.21847477930532
3,43,Yes,8,4,23.503718297234666
9,93,Yes,5,2,89.71561708699949
6,95,No,5,6,83.3661562518895
2,79,Yes,7,9,57.79406537576185
8,65,No,8,3,59.41264695825761
1,81,No,6,6,55.29596473301718
8,52,No,5,0,44.12653790467391
1,61,Yes,7,9,36.6088571719312
2,88,No,5,1,63.808099718038235
6,44,Yes,5,1,31.052376200966492
9,77,Yes,7,5,74.99288438395953
2,50,No,4,1,24.637064989224907
4,77,Yes,8,6,61.37271652536204
8,83,Yes,4,2,76.18836045665839
7,64,Yes,8,0,55.53456367823003
8,91,No,8,4,86.07892791478537
6,54,Yes,6,6,42.70742797842168
3,56,No,9,7,37.22345657140963
1,42,No,9,2,16.26089446697999
7,91,Yes,4,9,82.85577409723393
2,77,Yes,5,0,53.00607124654395
8,40,No,7,0,32.88272052311241
6,46,Yes,4,1,32.6021991263296
7,65,Yes,6,3,56.17331564883224
6,78,Yes,6,3,66.54677212698832
3,94,No,9,0,74.52420697368572
9,66,No,4,2,61.14888734836735
5,87,Yes,7,0,72.74119235313326
4,49,Yes,6,1,30.907058846181744
6,58,Yes,9,9,48.83134405981568
2,55,No,8,1,31.67205202537981
6,67,No,5,5,54.66383241265293
2,60,Yes,6,5,37.17454410743004
7,47,No,6,7,38.045892764987826
9,49,No,9,4,46.66906959469708
8,49,No,4,0,40.586253623264966
5,72,No,5,7,57.288564322599875
8,95,Yes,6,2,89.37705766760274
3,92,No,4,4,70.84795822950065
6,63,Yes,9,6,53.32828082264851
7,75,Yes,5,1,65.47186314240449
5,70,Yes,4,6,55.162508865949576
8,56,No,9,4,50.9343974247267
9,98,Yes,8,9,97.64844853500017
7,87,Yes,8,2,79.34450379200763
9,47,Yes,9,8,46.01785150195786
6,71,Yes,4,7,59.23907604806831
9,86,Yes,6,9,84.45975132405582
5,77,Yes,5,8,63.17032587540231
9,93,Yes,8,6,91.96517088428891
1,51,Yes,5,2,24.072138474504154
7,67,No,5,2,56.93148422816496
9,94,No,9,5,92.67775793695864
9,95,No,5,1,90.96000562367792
6,96,No,6,3,84.27722720665041
8,42,No,8,4,36.195877288419226
4,58,Yes,4,7,40.28315279155846
5,49,No,6,6,34.162567647481055
8,69,No,5,7,62.81696677689041
4,99,No,5,3,81.12342705446541
4,63,Yes,9,1,46.61801889718063
8,65,No,4,8,58.45638453544013
6,75,Yes,4,0,61.927097444294446
6,99,Yes,8,7,89.68855623537466
6,87,Yes,6,6,76.30213554311725
1,63,Yes,8,3,37.94477912410729
5,54,Yes,5,1,38.371768355059345
9,90,Yes,9,8,89.79277348019752
9,40,No,5,7,36.15516723706376
1,61,Yes,9,3,36.39495619874418
8,90,Yes,7,5,85.36634086211562
1,79,Yes,4,3,52.288242356395024
8,94,No,7,4,88.64677228150288
3,88,No,9,8,69.99786617606385
3,94,Yes,7,5,75.13431533027698
8,60,No,4,6,52.97083036604193
4,77,Yes,7,5,60.68877308670325
2,61,Yes,5,3,37.310898628812595
4,93,Yes,8,8,78.05650654965876
6,82,Yes,9,3,72.0775177644431
6,41,No,4,1,26.91816105484024
5,96,No,7,0,81.30945446060565
7,57,No,7,7,48.71232713587764
4,87,No,8,5,70.76127659287576
6,64,Yes,7,4,52.978415386685356
5,98,Yes,6,3,84.04637869462528
4,61,Yes,7,1,43.609536099780385
9,54,No,5,3,49.61657349077321
4,84,Yes,9,2,68.19419264693633
8,95,Yes,8,9,91.73356195148568
9,80,No,9,2,77.83228731405767
8,45,Yes,6,1,38.27826211856913
7,50,No,6,9,41.495404051677205
3,77,No,8,4,57.52251643856732
9,47,Yes,9,1,44.633787132766344
3,83,No,8,4,63.63064508669379
6,97,Yes,5,9,86.58930044325486
6,42,No,8,1,29.881062325577496
2,52,No,6,0,27.44782430531208
2,88,No,5,4,64.40127016197745
1,55,No,6,2,28.036513332550204
6,52,No,4,1,38.11639690973876
9,98,Yes,8,1,96.06666068449559
7,56,No,9,5,48.27129864658851
6,70,Yes,4,4,57.627884162774684
6,54,Yes,4,1,40.74637065716489
4,59,Yes,4,7,41.30117423291287
1,76,Yes,9,7,52.45617174431264
4,43,Yes,6,3,25.19437716068143
8,87,No,5,8,81.33907620258289
4,87,No,5,0,68.31399931427326
3,84,Yes,9,4,65.72881735011121
8,41,No,8,5,35.375579328377896
2,57,No,9,6,35.18293227199971
1,88,No,9,8,64.27622165716133
3,47,Yes,4,5,25.828647714582537
3,41,No,9,6,21.755411469780384
1,68,No,5,9,42.16863648200335
4,66,Yes,5,4,48.32037383580024
2,73,No,4,0,47.85383465906328
7,56,Yes,9,4,48.667506029992744
1,62,No,6,6,35.95355734728337
3,72,Yes,5,2,51.1722332618493
1,51,No,7,3,24.648371005791343
6,78,Yes,7,3,67.03299208433403
9,54,Yes,8,6,52.262334671466874
3,40,No,6,1,18.29011274982348
4,83,Yes,4,6,65.53596534410566
2,96,No,7,5,73.71560508881724
1,73,No,5,6,46.66557324483618
7,56,Yes,6,5,47.40656963926868
8,99,Yes,6,1,93.2514199517073
8,85,No,5,1,77.91896895068254
8,40,No,7,3,33.475890967051626
1,96,Yes,4,2,69.39688337810693
1,80,Yes,7,0,54.17175322584735
9,90,No,6,9,87.93790622475615
6,86,Yes,6,1,74.29549669519746
2,52,No,6,0,27.44782430531208
1,98,Yes,9,6,74.6549199727966
5,92,No,5,9,78.04444011231423
7,49,No,5,4,39.002545246411714
2,41,Yes,7,4,18.12063319772888
3,49,Yes,4,0,26.87607319072599
3,79,No,9,3,59.847055797308784
8,64,Yes,6,1,57.62066950430294
2,47,Yes,6,3,23.544818407196555
2,60,Yes,8,0,37.1583666155561
8,61,Yes,8,7,56.72538598280956
7,84,No,7,9,76.59435301507288
5,66,Yes,5,4,51.181196095251494
5,81,No,8,0,66.5253527976352
9,96,Yes,8,9,95.61240565229136
3,47,No,4,2,24.64154640592601
4,95,Yes,5,6,78.2384425977043
1,57,No,4,6,29.891010225819894
4,81,Yes,9,8,66.32646921075154
3,92,No,5,0,70.54328426159407
3,71,No,5,3,49.75800443709065
8,67,No,9,4,62.13263327962521
3,94,Yes,5,4,73.96415193427248
7,71,Yes,8,8,64.2425016182155
8,79,Yes,6,0,72.69326764330603
9,47,No,8,8,44.93770067989484
6,74,No,7,6,62.9601458981383
8,60,Yes,7,1,54.034803696231
1,86,Yes,6,1,59.99138539794117
3,73,No,9,9,54.92526803706076
6,55,No,4,6,42.15907864036736
9,43,No,7,9,40.57711843844456
9,73,Yes,6,5,70.43457866119618
9,85,No,8,7,83.42479197004937
8,50,Yes,5,6,43.870766774560835
2,52,No,8,4,29.211158145255798
2,64,No,5,4,39.9687555694716
6,57,No,7,5,45.456057913800244
2,89,Yes,4,0,64.73610858545116
9,69,No,9,9,68.01811582835066
7,85,Yes,9,7,78.78329827320988
9,93,Yes,4,4,89.62484409227991
6,48,Yes,8,1,36.58312183842127
9,89,No,7,6,86.81293429680824
8,80,No,5,1,72.8288617439105
8,92,Yes,5,5,86.42994383013303
3,64,No,9,9,45.76307506487106
8,79,No,8,5,74.06039409984551
2,42,No,6,1,17.465333373081037
3,43,Yes,6,7,23.124448826482467
5,71,No,4,4,55.19115247996053
7,73,Yes,5,9,65.01760811020026
6,66,No,5,8,54.23898141523774
9,93,Yes,4,4,89.62484409227991
2,78,Yes,5,3,54.61726313183758
5,77,Yes,4,5,62.09093547411738
6,57,No,8,4,45.744554389832885
1,75,No,7,6,49.67405604223642
9,60,Yes,9,7,59.05440675825212
2,69,No,9,0,46.2128486803742
6,73,Yes,9,6,63.508495236192616
8,47,No,5,8,40.618218548406446
5,67,No,8,9,54.0525639504911
7,55,No,5,3,44.91295041322511
1,87,No,8,2,61.585639370582776
8,75,No,7,6,69.69981185839522
5,52,Yes,5,1,36.33572547235052
7,75,No,6,7,66.55049312291133
8,64,No,6,8,58.410803008777144
7,92,No,8,3,84.03840361537544
3,56,Yes,4,8,35.58401113071145
3,97,Yes,7,2,77.595209210401
1,69,Yes,8,6,44.64607821617298
5,97,No,7,2,82.7229228645862
5,82,No,8,3,68.13654468292881
8,76,No,6,0,69.04527245452549
4,42,Yes,7,2,24.464852195359654
5,76,No,9,3,62.514635992148065
5,57,Yes,4,5,41.73050664702916
7,72,Yes,8,6,64.86507609694375
6,54,Yes,5,6,42.22120802107597
3,94,No,9,4,75.31510089893803
8,71,Yes,5,9,65.84238748694268
8,58,Yes,9,1,52.9712007282136
1,95,Yes,8,1,70.1260182848223
3,59,No,7,7,39.30508098078144
9,92,No,7,6,89.86699862087147
5,50,No,9,7,36.83697244218568
8,95,Yes,4,6,89.19551167816363
2,50,No,6,2,25.807228385229404
9,83,Yes,6,3,80.21934611211415
9,55,Yes,6,1,51.3192987915645
2,94,Yes,5,0,70.31243574956893
1,66,Yes,8,0,40.4056730042313
9,55,Yes,7,4,52.39868919284943
6,98,Yes,6,4,87.10492443538962
6,98,No,7,7,87.59038397195724
2,99,No,4,9,76.10190346609562
7,91,No,7,0,81.9409917727361
2,85,No,8,6,63.2013126725775
6,73,No,9,3,62.32139392753609
9,53,Yes,6,9,50.86504375936026
1,59,Yes,5,4,32.61175696796559
3,80,No,4,1,58.03853048930849
2,77,No,7,8,54.96636814702265
8,42,Yes,6,8,36.60826216369741
3,80,No,4,2,58.23625397062156
5,93,Yes,8,6,80.52188184648386
1,74,Yes,7,0,48.06362457772088
6,68,No,5,5,55.681853854007336
5,56,Yes,4,2,40.119314761735524
5,54,No,6,3,38.65950441031389
9,60,No,5,4,55.92242562021275
2,90,No,9,0,67.59129894881683
2,67,Yes,6,9,45.091588122163216
3,60,Yes,5,1,38.75825248428329
9,99,No,8,0,96.29302777981961
4,91,No,9,9,76.11047624089142
4,78,Yes,7,3,61.31134756543152
6,81,Yes,4,7,69.41929046161242
5,75,No,7,6,61.11734508004145
3,65,No,5,0,43.056705345024966
9,65,No,5,1,60.41936238304559
3,63,Yes,4,9,42.9078847015054
3,51,Yes,4,1,29.109839554747882
2,47,No,9,1,24.014100451890233
7,93,Yes,6,1,84.28246904412958
4,48,No,7,4,30.37449694139496
3,87,Yes,8,3,68.09893823551567
2,63,No,4,3,38.2667906894584
9,55,Yes,6,3,51.714745754190645
7,49,Yes,6,5,40.28041954978781
2,44,No,9,5,21.750930053079294
7,54,Yes,5,3,44.488859836588006
8,59,Yes,5,7,53.23068322806361
2,41,Yes,8,3,18.40912967376152
6,55,Yes,9,2,44.39321536656093
9,73,No,6,1,69.04975387122659
6,63,Yes,4,8,51.2926279985461
1,67,Yes,4,7,40.86287898539439
6,76,Yes,4,6,64.1314597735273
2,88,Yes,4,8,65.29987499460134
3,75,Yes,6,1,54.51479406194517
6,68,Yes,6,4,56.564281194757285
9,87,No,4,1,82.32961413549691
3,70,Yes,5,2,49.13619037914047
3,46,Yes,4,6,25.008349754541197
8,81,No,7,9,76.40111095046092
7,49,Yes,6,4,40.08269606847473
6,73,No,7,4,61.54667749415774
7,48,Yes,9,8,41.314228424409755
1,76,Yes,7,1,50.297390941742776
9,92,Yes,5,3,88.89531912695813
7,42,Yes,5,3,32.27260254033507
6,53,Yes,5,7,41.40091006103464
7,89,Yes,9,2,81.86676663206217
1,97,No,5,4,70.7026408747159
2,67,No,8,7,45.07465020951118
1,48,No,7,2,21.396583200415037
4,90,Yes,4,8,73.05756239621269
6,73,Yes,8,1,62.033657872281545
1,58,Yes,6,3,31.882232002643814
3,57,No,7,6,37.071314616759544
1,63,No,9,1,37.44162125410955
7,47,No,7,1,37.34577183445509
7,67,No,9,1,58.678640576234734
8,45,Yes,7,5,39.55537600116713
4,88,No,9,0,71.27690058501052
7,44,No,5,4,33.91243803963967
7,54,No,5,9,45.08126985974914
3,54,No,8,3,33.9102998061028
3,67,No,7,9,47.84469947424287
3,62,No,4,4,40.30731498886831
4,48,No,7,0,29.583603016142664
8,69,No,4,6,62.133023338231624
9,55,Yes,4,2,50.54458235818615
3,40,No,7,6,19.764950113734557
9,98,Yes,9,1,96.5528806418413
9,57,No,5,0,52.077467370897224
9,97,Yes,9,1,95.53485920048689
7,88,No,8,2,79.76859436864473
2,84,Yes,8,6,62.7772220959404
4,60,Yes,4,8,42.516919155580354
8,85,No,5,8,79.30303331987406
2,85,No,7,7,62.91281619654487
7,64,Yes,4,7,54.9737482180387
3,85,No,8,0,64.87579404415033
4,56,Yes,5,0,37.349265497003834
3,85,No,8,0,64.87579404415033
5,84,Yes,5,9,70.49419944619626
4,93,Yes,7,1,76.18622222312153
8,43,No,5,5,35.952962339049584
6,86,Yes,4,4,73.91622722444527
9,63,Yes,8,7,61.622251124969644
2,62,No,8,9,40.37998996536527
8,70,No,8,5,64.89820112765581
7,52,No,8,1,42.922098998572864
3,46,Yes,9,9,28.032619985208974
1,83,Yes,6,9,58.51910892438253
9,67,Yes,6,7,64.72189697569587
9,57,No,8,3,54.12929768687358
5,40,Yes,4,5,24.424142144004175
6,89,Yes,7,8,79.21984534579792
5,90,No,5,1,74.42660937910082
7,72,No,4,3,61.73309495890438
1,92,No,8,0,66.28029961472868
6,44,No,6,7,32.13100618147334
9,79,No,6,5,75.94877644460534
9,52,No,9,5,49.92085740007338
7,81,Yes,8,7,74.22499255044653
4,82,Yes,8,8,66.85827069476024
3,56,Yes,7,9,37.24039448406166
7,74,No,9,1,65.80479066571561
3,74,Yes,4,1,52.52433270589933
2,57,Yes,7,1,33.81580581546022
6,89,Yes,7,0,77.63805749529334
1,85,Yes,5,2,58.684867480554125
6,66,Yes,4,4,53.555798397357044
9,40,No,5,8,36.35289071837683
2,60,No,4,5,35.60817332802131
5,88,No,6,9,74.4585743042423
4,64,No,9,1,47.04210947381773
9,96,No,8,3,93.8321338996956
4,41,Yes,8,7,24.92166811791632
2,87,No,9,5,65.52585203131896
5,99,Yes,9,3,86.52306000801683
6,93,Yes,8,2,82.59181018068284
5,53,Yes,6,3,38.23541383367679
4,89,No,7,8,72.90426996217809
9,41,Yes,6,2,37.26472209391582
6,73,Yes,6,2,61.25894143890319
3,74,No,7,3,53.78450867584531
6,93,No,6,7,82.01405680783947
8,54,Yes,5,9,48.536022983917704
9,51,No,9,0,47.9142185521536
3,92,No,7,9,73.29523550810315
2,77,Yes,8,6,55.65107200645952
4,81,Yes,7,0,63.77224144555553
2,42,No,9,2,19.121716726431252
1,69,Yes,5,1,42.19880093757048
6,55,No,5,1,41.656681191147705
3,97,Yes,9,0,78.17220216246626
1,67,Yes,7,7,42.32153885743152
3,84,Yes,5,3,63.5862140394153
7,57,Yes,5,1,47.14747719802509
6,69,Yes,6,5,57.78002611742477
3,41,No,8,7,21.46691499374775
5,99,Yes,7,4,85.74834357463848
7,93,Yes,7,8,86.15275337066682
6,94,Yes,9,2,84.09605157938296
2,62,No,4,9,38.43511013598243
6,80,No,8,4,69.15904754098433
8,85,No,6,0,78.20746542671517
3,81,No,9,9,63.06943956789605
5,66,No,7,5,51.75742862653868
8,74,Yes,8,1,68.77332383253847
5,46,No,5,9,31.215453810011336
3,97,Yes,6,0,76.71354229042913
6,90,Yes,6,8,79.75164682980662
5,50,No,5,5,34.49664565017669
5,49,No,7,5,34.4510641235137
6,60,No,6,1,47.23300835526547
3,98,No,8,1,78.30779626307073
5,75,No,8,7,61.80128851870024
3,68,Yes,5,3,47.29787097774473
4,49,No,4,6,30.32930547333838
4,94,No,5,1,75.63787288506721
4,79,No,5,6,61.35616867131642
8,52,Yes,6,9,46.986200058554594
3,61,No,8,6,41.6296203395229
4,77,No,7,1,59.30394829673365
7,84,No,7,0,74.81484168325522
1,97,Yes,9,8,74.03234549406834
2,61,Yes,5,1,36.91545166618644
2,70,Yes,4,1,45.59142468103043
5,47,No,4,9,31.74725529402004
4,44,Yes,6,7,27.003292527288128
2,81,No,4,7,57.38207055909009
2,59,No,8,3,36.139584753423605
9,68,Yes,4,8,64.96520198367193
5,66,No,6,5,51.27120866919297
1,64,Yes,6,3,37.990360650770285
3,73,Yes,5,9,53.57431907239522
3,72,No,7,9,52.934806681014926
2,50,Yes,7,5,27.480549651231645
3,97,No,4,5,76.13578891758577
7,57,No,8,2,48.209929686657986
3,86,Yes,4,8,66.12465437134378
7,80,Yes,9,9,74.08863802906397
7,98,No,4,4,88.39937591543213
9,68,Yes,7,7,66.22613837439599
5,68,No,9,6,54.963634905252
5,99,Yes,6,4,85.26212361729276
3,65,Yes,4,0,43.16441625239656
8,58,Yes,5,3,51.42176786145691
6,41,Yes,9,1,29.943191706286104
5,40,Yes,8,5,26.36902197338702
2,66,No,9,5,44.147401762876335
4,93,No,4,9,75.71541933687168
8,84,No,9,2,79.04355082002405
1,91,Yes,9,5,67.33104640200266
9,80,Yes,5,4,76.87678531201827
6,56,Yes,8,9,46.30908121976115
4,70,No,8,7,53.850359052476925
1,61,Yes,7,7,36.21341020930505
9,92,Yes,4,5,88.80454613223857
4,67,No,9,3,50.49162076050711
9,77,Yes,9,8,76.55849474259018
3,82,Yes,5,1,61.15472419408033
7,64,Yes,4,7,54.9737482180387
8,75,No,4,1,67.25253457979272
7,98,Yes,7,5,90.64969013349966
3,50,No,7,8,30.340611489904813
8,69,No,9,5,64.36639964364711
4,53,Yes,9,1,36.43780448363652
5,88,No,5,8,73.77463086558352
5,92,Yes,7,8,79.4130874104099
6,72,Yes,4,2,59.26848008285736
1,80,No,5,4,53.39627637169091
4,58,Yes,9,9,43.10969954091316
9,95,No,5,7,92.14634651155635
4,64,Yes,8,9,48.73160823169392
8,65,No,4,8,58.45638453544013
5,72,Yes,8,7,59.341155059354314
9,43,No,6,5,39.300004555846556
8,90,Yes,6,8,85.47329134870913
5,44,Yes,9,1,30.13643377089808
1,61,Yes,4,1,33.56840944938948
8,57,Yes,7,6,51.96935677873314
3,90,Yes,8,2,70.95527907826583
8,86,Yes,5,8,80.91498562594577
8,53,Yes,4,5,46.24088765996529
8,63,No,5,6,56.511114647450874
1,60,No,6,1,32.928897058009184
6,64,Yes,6,8,53.28308935459194
1,58,Yes,8,8,33.843289323900606
2,46,Yes,7,9,24.199357811066296
4,86,Yes,7,2,69.25779561495374
8,47,No,5,0,39.036430697901864
1,40,No,9,6,15.015745509523462
5,54,No,8,7,40.42283825025761
8,65,No,7,3,58.9264270009119
2,97,No,5,8,74.35435705941944
1,79,No,4,1,51.29886452905156
9,97,No,6,9,95.06405631423704
3,72,Yes,8,6,53.42178705913872
6,62,Yes,8,0,50.63769853606995
1,52,Yes,6,3,25.774103354517354
5,96,No,7,5,82.29807186717102
3,84,No,9,7,65.72805692933314
2,86,Yes,7,7,64.52476850261658
7,77,No,5,9,68.49576301090059
5,80,Yes,6,7,66.51288667549818
9,81,Yes,5,1,77.30163630943346
2,48,No,7,7,25.246022866431666
3,62,No,6,2,40.884307940933596
5,65,No,4,9,50.07164123839943
6,69,No,9,5,58.64475512474459
8,85,No,9,7,81.05018966794383
5,58,No,9,5,44.58569701039482
5,65,No,9,6,51.90957058118877
3,81,Yes,9,3,62.47702954473492
1,62,Yes,8,6,37.51992812669211
5,88,No,4,4,72.49751698298552
5,67,Yes,5,0,51.408323611353616
4,40,Yes,7,5,23.021979756590056
6,77,Yes,6,6,66.12192112957314
4,48,No,8,2,30.465269936114524
7,99,Yes,6,2,90.58832117356914
1,44,No,8,7,18.79933479890847
5,98,No,6,6,84.0456182738472
9,64,No,5,5,60.192234866943465
5,81,No,5,7,66.45075729478957
8,97,No,6,0,90.42372272296811
4,64,Yes,7,2,46.861323905156695
4,48,Yes,5,8,30.786881816673137
5,54,Yes,5,9,39.95355620556393
9,84,No,4,3,79.67099677405983
4,59,Yes,4,4,40.70800378897365
6,47,Yes,6,4,35.185830926314665
5,96,Yes,6,8,82.99895321848183
9,84,No,9,9,83.28843744866683
4,72,No,6,7,54.913962020494324
2,72,No,8,2,49.17614000971787
4,85,Yes,6,8,68.93989510413205
2,95,Yes,5,7,72.71452156011486
5,93,No,8,5,79.73022750045348
4,91,Yes,4,3,73.08696643100173
8,46,No,9,2,40.35873604855644
8,93,No,8,3,87.91724731618112
6,79,No,9,6,69.02269301960177
9,60,No,7,4,56.89486553490417
5,56,No,8,5,42.06343417034029
1,86,No,6,6,60.38607193978923
9,57,No,6,3,53.15685777218216
2,63,Yes,6,9,41.01950235674557
9,63,Yes,4,9,60.07281825821295
7,86,Yes,8,6,79.11737627590551
8,58,Yes,6,7,52.69888174405491
6,81,No,7,3,69.49312554367995
6,99,Yes,5,2,87.24127895677216
9,44,Yes,4,4,39.74179346591377
8,56,No,5,4,48.98951759534385
5,89,No,7,0,74.18330437112476
7,78,No,6,5,69.20911048434841
2,85,Yes,8,5,63.59752005598173
7,47,No,7,9,38.92755968495969
2,40,No,9,8,18.27201473160087
6,41,No,9,3,29.744707804194945
8,43,No,5,9,36.74385626430188
6,87,Yes,5,3,75.2227451418323
7,42,Yes,9,8,35.20609977628329
3,45,Yes,9,2,25.63053417466305
3,60,Yes,8,1,40.21691235632043
5,99,Yes,9,3,86.52306000801683
4,67,No,6,8,50.02157829503535
3,93,No,5,6,72.74764659082692
4,77,No,4,5,58.63618234994881
6,82,No,5,9,70.72504795822138
6,75,No,4,6,62.519507467455576
6,79,No,5,1,66.08919578365357
9,78,Yes,4,1,73.76135202802452
1,65,No,8,1,38.99144417947266
6,64,Yes,4,4,51.51975551464822
5,56,No,8,0,41.07481676377492
8,76,Yes,5,1,69.35070684321016
2,61,Yes,7,7,39.07423246875631
3,61,No,6,1,39.668563018266106
7,53,Yes,5,1,43.07539143260745
4,65,Yes,8,7,49.35418271042218
5,61,Yes,9,4,48.03596871786228
1,69,No,8,8,44.44759431408182
3,55,No,5,7,34.26055530067237
9,77,No,4,0,71.95167624063973
8,45,Yes,4,0,37.108098722564634
8,43,Yes,7,0,36.53071571189295
8,45,Yes,7,5,39.55537600116713
9,65,No,7,4,61.98497274167623
8,50,No,7,9,44.84244626847418
3,80,No,6,1,59.01097040399991
1,48,No,8,3,22.080526639073824
5,90,Yes,4,8,75.91838465566394
1,57,Yes,6,1,30.46876359866326
5,56,Yes,7,6,42.36886855902495
6,40,No,5,2,26.584083052144617
5,76,No,5,2,60.37203268145215
9,87,Yes,5,9,84.99155280806453
8,95,No,9,6,91.03268060017487
4,95,Yes,5,8,78.63388956033045
1,65,No,9,0,39.2799406555053
3,96,No,8,7,77.45809426824036
8,96,Yes,4,1,89.22491571295267
4,69,Yes,4,1,50.29504775857854
6,49,No,5,5,36.339446468273536
9,78,No,7,1,74.62608103534436
8,46,Yes,7,7,40.96884440514769
7,74,Yes,5,7,65.64018258892852
5,59,Yes,8,9,46.50232328437312
6,65,Yes,4,1,51.94460651206341
6,65,Yes,6,5,53.70794035200713
8,82,Yes,6,5,76.73594937393463
7,74,No,9,2,66.00251414702869
6,74,No,6,6,62.47392594079259
8,72,Yes,7,2,66.448784473797
3,72,Yes,4,1,50.48828982319051
5,51,Yes,5,1,35.31770403099611
4,65,Yes,7,7,48.86796275307647
2,53,Yes,5,9,30.35306798585575
9,89,No,9,3,87.19220376756044
4,98,Yes,9,7,83.43511023246344
2,85,No,6,3,61.63570231394686
5,82,No,9,5,69.01821160290068
3,85,No,7,6,65.57591497468304
2,98,No,7,1,74.96075404627376
2,94,Yes,8,9,73.55060695342372
5,74,No,9,4,60.67631659075232
1,98,Yes,9,3,74.06174952885738
9,78,No,8,9,76.69408884319465
9,88,No,8,2,85.49023888754725
4,80,Yes,9,1,63.92438340020561
4,77,No,9,2,60.47411169273815
9,70,No,9,9,69.03613726970507
2,98,No,7,9,76.54254189677835
8,87,Yes,4,9,81.64451059126755
1,48,Yes,8,5,23.069904466417277
3,46,No,5,8,25.29608580979575
9,52,No,9,7,50.316304362699526
1,49,Yes,4,2,21.549875634449627
